{"textures":[{"image":"default-resources-32bit.png","format":"RGBA8888","size":{"w":2028,"h":1167},"scale":1,"frames":[{"filename":"dashboard/footer-block","rotated":false,"trimmed":false,"sourceSize":{"w":750,"h":189},"spriteSourceSize":{"x":0,"y":0,"w":750,"h":189},"frame":{"x":2,"y":2,"w":750,"h":189}},{"filename":"tournament/title-logo","rotated":false,"trimmed":false,"sourceSize":{"w":430,"h":353},"spriteSourceSize":{"x":0,"y":0,"w":430,"h":353},"frame":{"x":2,"y":194,"w":430,"h":353}},{"filename":"daily-mission/bg-block","rotated":false,"trimmed":true,"sourceSize":{"w":596,"h":149},"spriteSourceSize":{"x":0,"y":13,"w":596,"h":136},"frame":{"x":755,"y":2,"w":596,"h":136}},{"filename":"popup/board-bottom","rotated":false,"trimmed":false,"sourceSize":{"w":583,"h":116},"spriteSourceSize":{"x":0,"y":0,"w":583,"h":116},"frame":{"x":1354,"y":2,"w":583,"h":116}},{"filename":"logo/trumpet","rotated":false,"trimmed":true,"sourceSize":{"w":557,"h":164},"spriteSourceSize":{"x":0,"y":16,"w":557,"h":148},"frame":{"x":755,"y":141,"w":557,"h":148}},{"filename":"ribbon/pink","rotated":false,"trimmed":true,"sourceSize":{"w":553,"h":137},"spriteSourceSize":{"x":0,"y":8,"w":553,"h":129},"frame":{"x":1354,"y":121,"w":553,"h":129}},{"filename":"ribbon/red","rotated":false,"trimmed":true,"sourceSize":{"w":553,"h":137},"spriteSourceSize":{"x":0,"y":8,"w":553,"h":129},"frame":{"x":2,"y":550,"w":553,"h":129}},{"filename":"leaderboards/bg-dark","rotated":false,"trimmed":true,"sourceSize":{"w":540,"h":88},"spriteSourceSize":{"x":0,"y":6,"w":540,"h":82},"frame":{"x":2,"y":682,"w":540,"h":82}},{"filename":"leaderboards/bg-light","rotated":false,"trimmed":true,"sourceSize":{"w":540,"h":88},"spriteSourceSize":{"x":0,"y":6,"w":540,"h":82},"frame":{"x":2,"y":767,"w":540,"h":82}},{"filename":"logo/leaves","rotated":false,"trimmed":true,"sourceSize":{"w":544,"h":120},"spriteSourceSize":{"x":26,"y":6,"w":492,"h":114},"frame":{"x":2,"y":852,"w":492,"h":114}},{"filename":"ribbon/orange","rotated":false,"trimmed":true,"sourceSize":{"w":450,"h":131},"spriteSourceSize":{"x":0,"y":14,"w":450,"h":117},"frame":{"x":2,"y":969,"w":450,"h":117}},{"filename":"logo/gift-glow","rotated":false,"trimmed":false,"sourceSize":{"w":228,"h":293},"spriteSourceSize":{"x":0,"y":0,"w":228,"h":293},"frame":{"x":435,"y":194,"w":228,"h":293}},{"filename":"ribbon/violet","rotated":false,"trimmed":true,"sourceSize":{"w":450,"h":131},"spriteSourceSize":{"x":0,"y":14,"w":450,"h":117},"frame":{"x":666,"y":292,"w":450,"h":117}},{"filename":"logo/eggs","rotated":false,"trimmed":false,"sourceSize":{"w":408,"h":132},"spriteSourceSize":{"x":0,"y":0,"w":408,"h":132},"frame":{"x":666,"y":412,"w":408,"h":132}},{"filename":"other/line-hor","rotated":false,"trimmed":false,"sourceSize":{"w":397,"h":5},"spriteSourceSize":{"x":0,"y":0,"w":397,"h":5},"frame":{"x":2,"y":1089,"w":397,"h":5}},{"filename":"leaderboards/tab-off","rotated":false,"trimmed":true,"sourceSize":{"w":202,"h":73},"spriteSourceSize":{"x":0,"y":5,"w":202,"h":68},"frame":{"x":2,"y":1097,"w":202,"h":68}},{"filename":"leaderboards/tab-on","rotated":false,"trimmed":true,"sourceSize":{"w":202,"h":73},"spriteSourceSize":{"x":0,"y":5,"w":202,"h":68},"frame":{"x":207,"y":1097,"w":202,"h":68}},{"filename":"avatar/blue-frame-big","rotated":false,"trimmed":true,"sourceSize":{"w":209,"h":219},"spriteSourceSize":{"x":1,"y":7,"w":207,"h":212},"frame":{"x":1119,"y":292,"w":207,"h":212}},{"filename":"logo/gift-ad","rotated":false,"trimmed":false,"sourceSize":{"w":220,"h":271},"spriteSourceSize":{"x":0,"y":0,"w":220,"h":271},"frame":{"x":1329,"y":253,"w":220,"h":271}},{"filename":"logo/gift","rotated":false,"trimmed":true,"sourceSize":{"w":228,"h":293},"spriteSourceSize":{"x":21,"y":20,"w":186,"h":252},"frame":{"x":1552,"y":253,"w":186,"h":252}},{"filename":"avatar/purple-frame-big","rotated":false,"trimmed":true,"sourceSize":{"w":209,"h":219},"spriteSourceSize":{"x":1,"y":7,"w":207,"h":212},"frame":{"x":1741,"y":253,"w":207,"h":212}},{"filename":"buttons/blue-big","rotated":false,"trimmed":true,"sourceSize":{"w":271,"h":146},"spriteSourceSize":{"x":0,"y":4,"w":271,"h":142},"frame":{"x":558,"y":547,"w":271,"h":142}},{"filename":"buttons/green-big","rotated":false,"trimmed":true,"sourceSize":{"w":271,"h":146},"spriteSourceSize":{"x":0,"y":4,"w":271,"h":142},"frame":{"x":545,"y":692,"w":271,"h":142}},{"filename":"buttons/blue","rotated":false,"trimmed":true,"sourceSize":{"w":268,"h":136},"spriteSourceSize":{"x":0,"y":7,"w":268,"h":129},"frame":{"x":832,"y":547,"w":268,"h":129}},{"filename":"logo/dino","rotated":false,"trimmed":false,"sourceSize":{"w":196,"h":189},"spriteSourceSize":{"x":0,"y":0,"w":196,"h":189},"frame":{"x":1103,"y":507,"w":196,"h":189}},{"filename":"buttons/green","rotated":false,"trimmed":true,"sourceSize":{"w":268,"h":136},"spriteSourceSize":{"x":0,"y":7,"w":268,"h":129},"frame":{"x":1302,"y":527,"w":268,"h":129}},{"filename":"buttons/yellow","rotated":false,"trimmed":true,"sourceSize":{"w":268,"h":136},"spriteSourceSize":{"x":0,"y":7,"w":268,"h":129},"frame":{"x":1302,"y":659,"w":268,"h":129}},{"filename":"daily-rewards/bg-open","rotated":false,"trimmed":true,"sourceSize":{"w":183,"h":215},"spriteSourceSize":{"x":0,"y":11,"w":182,"h":204},"frame":{"x":1573,"y":508,"w":182,"h":204}},{"filename":"daily-rewards/bg-wait","rotated":false,"trimmed":true,"sourceSize":{"w":183,"h":215},"spriteSourceSize":{"x":0,"y":11,"w":183,"h":204},"frame":{"x":1758,"y":468,"w":183,"h":204}},{"filename":"texts/no-thanks-ru","rotated":false,"trimmed":false,"sourceSize":{"w":261,"h":41},"spriteSourceSize":{"x":0,"y":0,"w":261,"h":41},"frame":{"x":545,"y":837,"w":261,"h":41}},{"filename":"tournament/green-button","rotated":false,"trimmed":false,"sourceSize":{"w":160,"h":76},"spriteSourceSize":{"x":0,"y":0,"w":160,"h":76},"frame":{"x":412,"y":1089,"w":160,"h":76}},{"filename":"buttons/green-short","rotated":false,"trimmed":true,"sourceSize":{"w":197,"h":137},"spriteSourceSize":{"x":0,"y":8,"w":197,"h":129},"frame":{"x":1573,"y":715,"w":197,"h":129}},{"filename":"daily-rewards/bg-reward","rotated":false,"trimmed":true,"sourceSize":{"w":183,"h":215},"spriteSourceSize":{"x":0,"y":11,"w":182,"h":204},"frame":{"x":1773,"y":675,"w":182,"h":204}},{"filename":"icons/hand","rotated":false,"trimmed":true,"sourceSize":{"w":131,"h":111},"spriteSourceSize":{"x":9,"y":0,"w":116,"h":111},"frame":{"x":1910,"y":121,"w":116,"h":111}},{"filename":"texts/no-thanks","rotated":false,"trimmed":false,"sourceSize":{"w":195,"h":43},"spriteSourceSize":{"x":0,"y":0,"w":195,"h":43},"frame":{"x":435,"y":490,"w":195,"h":43}},{"filename":"other/top-panel","rotated":false,"trimmed":false,"sourceSize":{"w":212,"h":69},"spriteSourceSize":{"x":0,"y":0,"w":212,"h":69},"frame":{"x":497,"y":881,"w":212,"h":69}},{"filename":"other/line-ver","rotated":false,"trimmed":false,"sourceSize":{"w":4,"h":213},"spriteSourceSize":{"x":0,"y":0,"w":4,"h":213},"frame":{"x":1951,"y":235,"w":4,"h":213}},{"filename":"icons/medal","rotated":false,"trimmed":false,"sourceSize":{"w":68,"h":86},"spriteSourceSize":{"x":0,"y":0,"w":68,"h":86},"frame":{"x":1958,"y":235,"w":68,"h":86}},{"filename":"icons/music","rotated":false,"trimmed":true,"sourceSize":{"w":68,"h":75},"spriteSourceSize":{"x":0,"y":6,"w":68,"h":69},"frame":{"x":1958,"y":324,"w":68,"h":69}},{"filename":"logo/dino-sad","rotated":false,"trimmed":true,"sourceSize":{"w":196,"h":189},"spriteSourceSize":{"x":1,"y":0,"w":185,"h":189},"frame":{"x":832,"y":679,"w":185,"h":189}},{"filename":"avatar/bg-big","rotated":false,"trimmed":true,"sourceSize":{"w":209,"h":219},"spriteSourceSize":{"x":22,"y":29,"w":165,"h":158},"frame":{"x":1020,"y":699,"w":165,"h":158}},{"filename":"daily-rewards/coin-day4","rotated":false,"trimmed":false,"sourceSize":{"w":111,"h":118},"spriteSourceSize":{"x":0,"y":0,"w":111,"h":118},"frame":{"x":1188,"y":699,"w":111,"h":118}},{"filename":"preloader/dual-ring","rotated":false,"trimmed":true,"sourceSize":{"w":200,"h":200},"spriteSourceSize":{"x":28,"y":27,"w":144,"h":146},"frame":{"x":1302,"y":791,"w":144,"h":146}},{"filename":"icons/egg","rotated":false,"trimmed":true,"sourceSize":{"w":111,"h":119},"spriteSourceSize":{"x":0,"y":13,"w":111,"h":106},"frame":{"x":1188,"y":820,"w":111,"h":106}},{"filename":"icons/invite","rotated":false,"trimmed":false,"sourceSize":{"w":119,"h":108},"spriteSourceSize":{"x":0,"y":0,"w":119,"h":108},"frame":{"x":1449,"y":791,"w":119,"h":108}},{"filename":"switch/panel","rotated":false,"trimmed":true,"sourceSize":{"w":135,"h":52},"spriteSourceSize":{"x":0,"y":3,"w":135,"h":49},"frame":{"x":1571,"y":847,"w":135,"h":49}},{"filename":"blank","rotated":false,"trimmed":false,"sourceSize":{"w":100,"h":100},"spriteSourceSize":{"x":0,"y":0,"w":100,"h":100},"frame":{"x":712,"y":881,"w":100,"h":100}},{"filename":"daily-rewards/coin-day6","rotated":false,"trimmed":false,"sourceSize":{"w":129,"h":110},"spriteSourceSize":{"x":0,"y":0,"w":129,"h":110},"frame":{"x":815,"y":871,"w":129,"h":110}},{"filename":"icons/icon-dynamite","rotated":false,"trimmed":true,"sourceSize":{"w":94,"h":118},"spriteSourceSize":{"x":0,"y":16,"w":94,"h":102},"frame":{"x":455,"y":984,"w":94,"h":102}},{"filename":"daily-rewards/coin-day5","rotated":false,"trimmed":false,"sourceSize":{"w":123,"h":122},"spriteSourceSize":{"x":0,"y":0,"w":123,"h":122},"frame":{"x":552,"y":953,"w":123,"h":122}},{"filename":"popup/bottom-left","rotated":false,"trimmed":false,"sourceSize":{"w":130,"h":96},"spriteSourceSize":{"x":0,"y":0,"w":130,"h":96},"frame":{"x":678,"y":984,"w":130,"h":96}},{"filename":"popup/bottom-middle","rotated":false,"trimmed":false,"sourceSize":{"w":130,"h":96},"spriteSourceSize":{"x":0,"y":0,"w":130,"h":96},"frame":{"x":811,"y":984,"w":130,"h":96}},{"filename":"icons/gift","rotated":false,"trimmed":true,"sourceSize":{"w":90,"h":133},"spriteSourceSize":{"x":0,"y":15,"w":90,"h":118},"frame":{"x":947,"y":871,"w":90,"h":118}},{"filename":"buttons/blue-short","rotated":false,"trimmed":true,"sourceSize":{"w":126,"h":116},"spriteSourceSize":{"x":0,"y":7,"w":126,"h":109},"frame":{"x":1040,"y":860,"w":126,"h":109}},{"filename":"icons/crown","rotated":false,"trimmed":true,"sourceSize":{"w":114,"h":115},"spriteSourceSize":{"x":0,"y":15,"w":114,"h":100},"frame":{"x":944,"y":992,"w":114,"h":100}},{"filename":"icons/mission","rotated":false,"trimmed":false,"sourceSize":{"w":106,"h":115},"spriteSourceSize":{"x":0,"y":0,"w":106,"h":115},"frame":{"x":1061,"y":972,"w":106,"h":115}},{"filename":"buttons/close","rotated":false,"trimmed":false,"sourceSize":{"w":97,"h":86},"spriteSourceSize":{"x":0,"y":0,"w":97,"h":86},"frame":{"x":575,"y":1078,"w":97,"h":86}},{"filename":"buttons/blue-minor","rotated":false,"trimmed":true,"sourceSize":{"w":123,"h":64},"spriteSourceSize":{"x":0,"y":4,"w":123,"h":60},"frame":{"x":675,"y":1083,"w":123,"h":60}},{"filename":"buttons/green-minor","rotated":false,"trimmed":true,"sourceSize":{"w":123,"h":64},"spriteSourceSize":{"x":0,"y":4,"w":123,"h":60},"frame":{"x":801,"y":1083,"w":123,"h":60}},{"filename":"icons/sound","rotated":false,"trimmed":true,"sourceSize":{"w":61,"h":75},"spriteSourceSize":{"x":0,"y":5,"w":61,"h":70},"frame":{"x":927,"y":1095,"w":61,"h":70}},{"filename":"icons/bronze","rotated":false,"trimmed":true,"sourceSize":{"w":78,"h":95},"spriteSourceSize":{"x":0,"y":18,"w":78,"h":77},"frame":{"x":666,"y":194,"w":78,"h":77}},{"filename":"icons/gold","rotated":false,"trimmed":true,"sourceSize":{"w":78,"h":95},"spriteSourceSize":{"x":0,"y":18,"w":78,"h":77},"frame":{"x":1940,"y":2,"w":78,"h":77}},{"filename":"popup/bottom-right","rotated":false,"trimmed":false,"sourceSize":{"w":130,"h":96},"spriteSourceSize":{"x":0,"y":0,"w":130,"h":96},"frame":{"x":1449,"y":902,"w":130,"h":96}},{"filename":"popup/middle-left","rotated":false,"trimmed":false,"sourceSize":{"w":130,"h":96},"spriteSourceSize":{"x":0,"y":0,"w":130,"h":96},"frame":{"x":1582,"y":899,"w":130,"h":96}},{"filename":"popup/middle-middle","rotated":false,"trimmed":false,"sourceSize":{"w":130,"h":96},"spriteSourceSize":{"x":0,"y":0,"w":130,"h":96},"frame":{"x":1715,"y":882,"w":130,"h":96}},{"filename":"popup/middle-right","rotated":false,"trimmed":false,"sourceSize":{"w":130,"h":96},"spriteSourceSize":{"x":0,"y":0,"w":130,"h":96},"frame":{"x":1848,"y":882,"w":130,"h":96}},{"filename":"icons/ranking","rotated":false,"trimmed":false,"sourceSize":{"w":106,"h":105},"spriteSourceSize":{"x":0,"y":0,"w":106,"h":105},"frame":{"x":1170,"y":929,"w":106,"h":105}},{"filename":"popup/top-left","rotated":false,"trimmed":false,"sourceSize":{"w":130,"h":96},"spriteSourceSize":{"x":0,"y":0,"w":130,"h":96},"frame":{"x":1279,"y":940,"w":130,"h":96}},{"filename":"icons/icon-2nd","rotated":false,"trimmed":true,"sourceSize":{"w":129,"h":97},"spriteSourceSize":{"x":12,"y":22,"w":105,"h":68},"frame":{"x":1170,"y":1037,"w":105,"h":68}},{"filename":"popup/top-middle","rotated":false,"trimmed":false,"sourceSize":{"w":130,"h":96},"spriteSourceSize":{"x":0,"y":0,"w":130,"h":96},"frame":{"x":1278,"y":1039,"w":130,"h":96}},{"filename":"popup/top-right","rotated":false,"trimmed":false,"sourceSize":{"w":130,"h":96},"spriteSourceSize":{"x":0,"y":0,"w":130,"h":96},"frame":{"x":1715,"y":981,"w":130,"h":96}},{"filename":"icons/setting","rotated":false,"trimmed":true,"sourceSize":{"w":98,"h":109},"spriteSourceSize":{"x":0,"y":5,"w":98,"h":104},"frame":{"x":1848,"y":981,"w":98,"h":104}},{"filename":"icons/icon-bird","rotated":false,"trimmed":true,"sourceSize":{"w":121,"h":110},"spriteSourceSize":{"x":7,"y":20,"w":107,"h":85},"frame":{"x":1411,"y":1080,"w":107,"h":85}},{"filename":"icons/silver","rotated":false,"trimmed":true,"sourceSize":{"w":78,"h":95},"spriteSourceSize":{"x":0,"y":18,"w":78,"h":77},"frame":{"x":1521,"y":1088,"w":78,"h":77}},{"filename":"daily-rewards/coin-day3","rotated":false,"trimmed":false,"sourceSize":{"w":110,"h":69},"spriteSourceSize":{"x":0,"y":0,"w":110,"h":69},"frame":{"x":1602,"y":998,"w":110,"h":69}},{"filename":"icons/icon-10k","rotated":false,"trimmed":true,"sourceSize":{"w":131,"h":98},"spriteSourceSize":{"x":12,"y":25,"w":107,"h":66},"frame":{"x":1602,"y":1070,"w":107,"h":66}},{"filename":"daily-rewards/coin-day2","rotated":false,"trimmed":false,"sourceSize":{"w":83,"h":63},"spriteSourceSize":{"x":0,"y":0,"w":83,"h":63},"frame":{"x":1712,"y":1080,"w":83,"h":63}},{"filename":"avatar/purple-frame","rotated":false,"trimmed":true,"sourceSize":{"w":76,"h":80},"spriteSourceSize":{"x":0,"y":3,"w":76,"h":77},"frame":{"x":1798,"y":1088,"w":76,"h":77}},{"filename":"icons/coin","rotated":false,"trimmed":false,"sourceSize":{"w":76,"h":71},"spriteSourceSize":{"x":0,"y":0,"w":76,"h":71},"frame":{"x":1877,"y":1088,"w":76,"h":71}},{"filename":"icons/friends","rotated":false,"trimmed":true,"sourceSize":{"w":79,"h":74},"spriteSourceSize":{"x":0,"y":6,"w":79,"h":68},"frame":{"x":991,"y":1095,"w":79,"h":68}},{"filename":"icons/play","rotated":false,"trimmed":true,"sourceSize":{"w":56,"h":77},"spriteSourceSize":{"x":0,"y":3,"w":56,"h":74},"frame":{"x":1073,"y":1090,"w":56,"h":74}},{"filename":"daily-rewards/coin-day1","rotated":false,"trimmed":false,"sourceSize":{"w":64,"h":61},"spriteSourceSize":{"x":0,"y":0,"w":64,"h":61},"frame":{"x":1958,"y":396,"w":64,"h":61}},{"filename":"icons/vibrate","rotated":false,"trimmed":true,"sourceSize":{"w":56,"h":80},"spriteSourceSize":{"x":0,"y":4,"w":56,"h":76},"frame":{"x":1412,"y":1001,"w":56,"h":76}},{"filename":"icons/ads-video","rotated":false,"trimmed":false,"sourceSize":{"w":72,"h":56},"spriteSourceSize":{"x":0,"y":0,"w":72,"h":56},"frame":{"x":1471,"y":1001,"w":72,"h":56}},{"filename":"icons/play-with","rotated":false,"trimmed":false,"sourceSize":{"w":53,"h":54},"spriteSourceSize":{"x":0,"y":0,"w":53,"h":54},"frame":{"x":1546,"y":1001,"w":53,"h":54}},{"filename":"icons/blue-rank-number-bg","rotated":false,"trimmed":false,"sourceSize":{"w":36,"h":35},"spriteSourceSize":{"x":0,"y":0,"w":36,"h":35},"frame":{"x":1315,"y":141,"w":36,"h":35}},{"filename":"icons/rank-number-bg","rotated":false,"trimmed":false,"sourceSize":{"w":36,"h":35},"spriteSourceSize":{"x":0,"y":0,"w":36,"h":35},"frame":{"x":1315,"y":179,"w":36,"h":35}},{"filename":"icons/arrow-big","rotated":false,"trimmed":false,"sourceSize":{"w":37,"h":67},"spriteSourceSize":{"x":0,"y":0,"w":37,"h":67},"frame":{"x":1077,"y":412,"w":37,"h":67}},{"filename":"icons/cup","rotated":false,"trimmed":false,"sourceSize":{"w":34,"h":31},"spriteSourceSize":{"x":0,"y":0,"w":34,"h":31},"frame":{"x":1412,"y":940,"w":34,"h":31}},{"filename":"icons/dot","rotated":false,"trimmed":false,"sourceSize":{"w":30,"h":32},"spriteSourceSize":{"x":0,"y":0,"w":30,"h":32},"frame":{"x":633,"y":490,"w":30,"h":32}},{"filename":"icons/continue","rotated":false,"trimmed":false,"sourceSize":{"w":45,"h":52},"spriteSourceSize":{"x":0,"y":0,"w":45,"h":52},"frame":{"x":1981,"y":460,"w":45,"h":52}},{"filename":"avatar/bg","rotated":false,"trimmed":true,"sourceSize":{"w":74,"h":74},"spriteSourceSize":{"x":8,"y":8,"w":58,"h":58},"frame":{"x":1949,"y":981,"w":58,"h":58}},{"filename":"icons/home","rotated":false,"trimmed":false,"sourceSize":{"w":62,"h":52},"spriteSourceSize":{"x":0,"y":0,"w":62,"h":52},"frame":{"x":1944,"y":515,"w":62,"h":52}},{"filename":"icons/replay","rotated":false,"trimmed":false,"sourceSize":{"w":55,"h":56},"spriteSourceSize":{"x":0,"y":0,"w":55,"h":56},"frame":{"x":1944,"y":570,"w":55,"h":56}},{"filename":"icons/question","rotated":false,"trimmed":false,"sourceSize":{"w":22,"h":32},"spriteSourceSize":{"x":0,"y":0,"w":22,"h":32},"frame":{"x":1709,"y":847,"w":22,"h":32}},{"filename":"icons/share","rotated":false,"trimmed":false,"sourceSize":{"w":57,"h":54},"spriteSourceSize":{"x":0,"y":0,"w":57,"h":54},"frame":{"x":1132,"y":1108,"w":57,"h":54}},{"filename":"icons/flag","rotated":false,"trimmed":false,"sourceSize":{"w":54,"h":53},"spriteSourceSize":{"x":0,"y":0,"w":54,"h":53},"frame":{"x":1192,"y":1108,"w":54,"h":53}},{"filename":"icons/coin-small-grey","rotated":false,"trimmed":false,"sourceSize":{"w":33,"h":31},"spriteSourceSize":{"x":0,"y":0,"w":33,"h":31},"frame":{"x":1940,"y":82,"w":33,"h":31}},{"filename":"icons/coin-small","rotated":false,"trimmed":false,"sourceSize":{"w":33,"h":31},"spriteSourceSize":{"x":0,"y":0,"w":33,"h":31},"frame":{"x":1315,"y":217,"w":33,"h":31}},{"filename":"progress/bg-left","rotated":false,"trimmed":false,"sourceSize":{"w":28,"h":31},"spriteSourceSize":{"x":0,"y":0,"w":28,"h":31},"frame":{"x":1949,"y":1042,"w":28,"h":31}},{"filename":"buttons/add","rotated":false,"trimmed":false,"sourceSize":{"w":52,"h":52},"spriteSourceSize":{"x":0,"y":0,"w":52,"h":52},"frame":{"x":1956,"y":1076,"w":52,"h":52}},{"filename":"progress/bg-mid","rotated":false,"trimmed":false,"sourceSize":{"w":28,"h":31},"spriteSourceSize":{"x":0,"y":0,"w":28,"h":31},"frame":{"x":1980,"y":1042,"w":28,"h":31}},{"filename":"progress/bg-right","rotated":false,"trimmed":false,"sourceSize":{"w":28,"h":31},"spriteSourceSize":{"x":0,"y":0,"w":28,"h":31},"frame":{"x":1944,"y":629,"w":28,"h":31}},{"filename":"switch/off","rotated":false,"trimmed":true,"sourceSize":{"w":51,"h":48},"spriteSourceSize":{"x":0,"y":3,"w":51,"h":45},"frame":{"x":1975,"y":629,"w":51,"h":45}},{"filename":"icons/bestscore-cup","rotated":false,"trimmed":false,"sourceSize":{"w":52,"h":49},"spriteSourceSize":{"x":0,"y":0,"w":52,"h":49},"frame":{"x":1958,"y":677,"w":52,"h":49}},{"filename":"icons/diamond","rotated":false,"trimmed":false,"sourceSize":{"w":50,"h":48},"spriteSourceSize":{"x":0,"y":0,"w":50,"h":48},"frame":{"x":1958,"y":729,"w":50,"h":48}},{"filename":"switch/on","rotated":false,"trimmed":true,"sourceSize":{"w":51,"h":48},"spriteSourceSize":{"x":0,"y":3,"w":51,"h":45},"frame":{"x":1958,"y":780,"w":51,"h":45}},{"filename":"icons/check","rotated":false,"trimmed":false,"sourceSize":{"w":47,"h":44},"spriteSourceSize":{"x":0,"y":0,"w":47,"h":44},"frame":{"x":1958,"y":828,"w":47,"h":44}},{"filename":"icons/cancel","rotated":false,"trimmed":false,"sourceSize":{"w":41,"h":45},"spriteSourceSize":{"x":0,"y":0,"w":41,"h":45},"frame":{"x":1981,"y":875,"w":41,"h":45}},{"filename":"icons/clock","rotated":false,"trimmed":true,"sourceSize":{"w":42,"h":48},"spriteSourceSize":{"x":0,"y":3,"w":42,"h":45},"frame":{"x":1981,"y":923,"w":42,"h":45}},{"filename":"progress/bar-left","rotated":false,"trimmed":true,"sourceSize":{"w":28,"h":31},"spriteSourceSize":{"x":0,"y":1,"w":28,"h":30},"frame":{"x":1734,"y":847,"w":28,"h":30}},{"filename":"progress/bar-mid","rotated":false,"trimmed":true,"sourceSize":{"w":28,"h":31},"spriteSourceSize":{"x":0,"y":1,"w":28,"h":30},"frame":{"x":1976,"y":82,"w":28,"h":30}},{"filename":"progress/bar-right","rotated":false,"trimmed":true,"sourceSize":{"w":28,"h":31},"spriteSourceSize":{"x":0,"y":1,"w":28,"h":30},"frame":{"x":1956,"y":1131,"w":28,"h":30}}]}],"meta":{"app":"https://www.codeandweb.com/texturepacker","version":"3.0","smartupdate":"$TexturePacker:SmartUpdate:23ba4113b42dff4dd193efce19ec78db:e9b4c76e8a955c25c1405aa4807e48d9:0d468957a782894db8a57dcd348e750f$"}}