{"textures":[{"image":"effects-resources.png","format":"RGBA8888","size":{"w":416,"h":835},"scale":1,"frames":[{"filename":"glow-light","rotated":false,"trimmed":false,"sourceSize":{"w":412,"h":399},"spriteSourceSize":{"x":0,"y":0,"w":412,"h":399},"frame":{"x":2,"y":2,"w":412,"h":399}},{"filename":"circle","rotated":false,"trimmed":false,"sourceSize":{"w":324,"h":324},"spriteSourceSize":{"x":0,"y":0,"w":324,"h":324},"frame":{"x":2,"y":405,"w":324,"h":324}},{"filename":"blank","rotated":false,"trimmed":false,"sourceSize":{"w":100,"h":100},"spriteSourceSize":{"x":0,"y":0,"w":100,"h":100},"frame":{"x":2,"y":733,"w":100,"h":100}},{"filename":"coin","rotated":false,"trimmed":false,"sourceSize":{"w":76,"h":71},"spriteSourceSize":{"x":0,"y":0,"w":76,"h":71},"frame":{"x":330,"y":405,"w":76,"h":71}},{"filename":"star-yellow","rotated":false,"trimmed":true,"sourceSize":{"w":70,"h":70},"spriteSourceSize":{"x":2,"y":0,"w":68,"h":70},"frame":{"x":330,"y":480,"w":68,"h":70}},{"filename":"star-y/star-3","rotated":false,"trimmed":true,"sourceSize":{"w":21,"h":20},"spriteSourceSize":{"x":7,"y":0,"w":8,"h":20},"frame":{"x":402,"y":480,"w":8,"h":20}},{"filename":"comet","rotated":false,"trimmed":true,"sourceSize":{"w":80,"h":80},"spriteSourceSize":{"x":6,"y":1,"w":66,"h":76},"frame":{"x":330,"y":554,"w":66,"h":76}},{"filename":"ribbon/ribbon","rotated":false,"trimmed":false,"sourceSize":{"w":64,"h":2},"spriteSourceSize":{"x":0,"y":0,"w":64,"h":2},"frame":{"x":330,"y":634,"w":64,"h":2}},{"filename":"star-y/star-2","rotated":false,"trimmed":true,"sourceSize":{"w":21,"h":20},"spriteSourceSize":{"x":4,"y":0,"w":15,"h":20},"frame":{"x":398,"y":634,"w":15,"h":20}},{"filename":"star-white","rotated":false,"trimmed":true,"sourceSize":{"w":70,"h":70},"spriteSourceSize":{"x":12,"y":10,"w":42,"h":46},"frame":{"x":330,"y":640,"w":42,"h":46}},{"filename":"spark","rotated":false,"trimmed":false,"sourceSize":{"w":34,"h":34},"spriteSourceSize":{"x":0,"y":0,"w":34,"h":34},"frame":{"x":376,"y":658,"w":34,"h":34}},{"filename":"confetti/small-1","rotated":false,"trimmed":false,"sourceSize":{"w":28,"h":31},"spriteSourceSize":{"x":0,"y":0,"w":28,"h":31},"frame":{"x":330,"y":690,"w":28,"h":31}},{"filename":"confetti/small-2","rotated":false,"trimmed":true,"sourceSize":{"w":28,"h":31},"spriteSourceSize":{"x":1,"y":3,"w":26,"h":27},"frame":{"x":362,"y":696,"w":26,"h":27}},{"filename":"confetti/small-3","rotated":false,"trimmed":true,"sourceSize":{"w":28,"h":31},"spriteSourceSize":{"x":4,"y":1,"w":22,"h":30},"frame":{"x":392,"y":696,"w":22,"h":30}},{"filename":"ribbon/falling-confetti/confetti-b/confetti-b-4","rotated":false,"trimmed":false,"sourceSize":{"w":26,"h":2},"spriteSourceSize":{"x":0,"y":0,"w":26,"h":2},"frame":{"x":330,"y":725,"w":26,"h":2}},{"filename":"ribbon/falling-confetti/confetti-c/confetti-c-2","rotated":false,"trimmed":false,"sourceSize":{"w":25,"h":10},"spriteSourceSize":{"x":0,"y":0,"w":25,"h":10},"frame":{"x":360,"y":727,"w":25,"h":10}},{"filename":"ribbon/falling-confetti/confetti-b/confetti-b-3","rotated":false,"trimmed":false,"sourceSize":{"w":25,"h":5},"spriteSourceSize":{"x":0,"y":0,"w":25,"h":5},"frame":{"x":389,"y":730,"w":25,"h":5}},{"filename":"ribbon/falling-confetti/confetti-c/confetti-c-1","rotated":false,"trimmed":false,"sourceSize":{"w":24,"h":16},"spriteSourceSize":{"x":0,"y":0,"w":24,"h":16},"frame":{"x":389,"y":739,"w":24,"h":16}},{"filename":"ribbon/falling-confetti/confetti-b/confetti-b-1","rotated":false,"trimmed":false,"sourceSize":{"w":23,"h":14},"spriteSourceSize":{"x":0,"y":0,"w":23,"h":14},"frame":{"x":330,"y":731,"w":23,"h":14}},{"filename":"ribbon/falling-confetti/confetti-b/confetti-b-2","rotated":false,"trimmed":false,"sourceSize":{"w":23,"h":9},"spriteSourceSize":{"x":0,"y":0,"w":23,"h":9},"frame":{"x":357,"y":741,"w":23,"h":9}},{"filename":"confetti/small-4","rotated":false,"trimmed":true,"sourceSize":{"w":28,"h":31},"spriteSourceSize":{"x":4,"y":2,"w":20,"h":28},"frame":{"x":106,"y":759,"w":20,"h":28}},{"filename":"ribbon/falling-confetti/confetti-d/confetti-d-3","rotated":false,"trimmed":false,"sourceSize":{"w":23,"h":6},"spriteSourceSize":{"x":0,"y":0,"w":23,"h":6},"frame":{"x":106,"y":749,"w":23,"h":6}},{"filename":"ribbon/falling-confetti/confetti-d/confetti-d-2","rotated":false,"trimmed":false,"sourceSize":{"w":23,"h":9},"spriteSourceSize":{"x":0,"y":0,"w":23,"h":9},"frame":{"x":106,"y":733,"w":23,"h":9}},{"filename":"star-x/star-1","rotated":false,"trimmed":false,"sourceSize":{"w":21,"h":20},"spriteSourceSize":{"x":0,"y":0,"w":21,"h":20},"frame":{"x":106,"y":791,"w":21,"h":20}},{"filename":"star-y/star-1","rotated":false,"trimmed":false,"sourceSize":{"w":21,"h":20},"spriteSourceSize":{"x":0,"y":0,"w":21,"h":20},"frame":{"x":106,"y":791,"w":21,"h":20}},{"filename":"star-x/star-2","rotated":false,"trimmed":true,"sourceSize":{"w":21,"h":20},"spriteSourceSize":{"x":0,"y":1,"w":21,"h":18},"frame":{"x":106,"y":815,"w":21,"h":18}},{"filename":"star-y/star-4","rotated":false,"trimmed":true,"sourceSize":{"w":21,"h":20},"spriteSourceSize":{"x":1,"y":0,"w":20,"h":20},"frame":{"x":130,"y":759,"w":20,"h":20}},{"filename":"ribbon/falling-confetti/confetti-c/confetti-c-4","rotated":false,"trimmed":false,"sourceSize":{"w":22,"h":6},"spriteSourceSize":{"x":0,"y":0,"w":22,"h":6},"frame":{"x":133,"y":749,"w":22,"h":6}},{"filename":"ribbon/falling-confetti/confetti-d/confetti-d-4","rotated":false,"trimmed":false,"sourceSize":{"w":23,"h":4},"spriteSourceSize":{"x":0,"y":0,"w":23,"h":4},"frame":{"x":130,"y":783,"w":23,"h":4}},{"filename":"star-x/star-4","rotated":false,"trimmed":true,"sourceSize":{"w":21,"h":20},"spriteSourceSize":{"x":0,"y":6,"w":21,"h":8},"frame":{"x":133,"y":733,"w":21,"h":8}},{"filename":"ribbon/falling-confetti/confetti-c/confetti-c-3","rotated":false,"trimmed":false,"sourceSize":{"w":23,"h":7},"spriteSourceSize":{"x":0,"y":0,"w":23,"h":7},"frame":{"x":158,"y":733,"w":23,"h":7}},{"filename":"ribbon/falling-confetti/confetti-a/confetti-a-1","rotated":false,"trimmed":false,"sourceSize":{"w":21,"h":14},"spriteSourceSize":{"x":0,"y":0,"w":21,"h":14},"frame":{"x":154,"y":759,"w":21,"h":14}},{"filename":"ribbon/falling-confetti/confetti-a/confetti-a-3","rotated":false,"trimmed":false,"sourceSize":{"w":21,"h":3},"spriteSourceSize":{"x":0,"y":0,"w":21,"h":3},"frame":{"x":159,"y":749,"w":21,"h":3}},{"filename":"ribbon/falling-confetti/confetti-d/confetti-d-1","rotated":false,"trimmed":false,"sourceSize":{"w":21,"h":14},"spriteSourceSize":{"x":0,"y":0,"w":21,"h":14},"frame":{"x":131,"y":791,"w":21,"h":14}},{"filename":"star-x/star-3","rotated":false,"trimmed":true,"sourceSize":{"w":21,"h":20},"spriteSourceSize":{"x":0,"y":3,"w":21,"h":14},"frame":{"x":131,"y":809,"w":21,"h":14}},{"filename":"ribbon/falling-confetti/confetti-a/confetti-a-2","rotated":false,"trimmed":false,"sourceSize":{"w":21,"h":7},"spriteSourceSize":{"x":0,"y":0,"w":21,"h":7},"frame":{"x":156,"y":791,"w":21,"h":7}}]}],"meta":{"app":"https://www.codeandweb.com/texturepacker","version":"3.0","smartupdate":"$TexturePacker:SmartUpdate:9c00b589d96725733e5b419129943ae4:f3b900bcd97315c0a5de04cfa7acbd8d:fcf0ca429d8c303c4783c89b34559bdb$"}}