{"textures":[{"image":"gameplay-main-objects.png","format":"RGBA8888","size":{"w":246,"h":574},"scale":1,"frames":[{"filename":"shot-guide","rotated":false,"trimmed":false,"sourceSize":{"w":20,"h":20},"spriteSourceSize":{"x":0,"y":0,"w":20,"h":20},"frame":{"x":2,"y":2,"w":20,"h":20}},{"filename":"shot-guide/black","rotated":false,"trimmed":false,"sourceSize":{"w":20,"h":20},"spriteSourceSize":{"x":0,"y":0,"w":20,"h":20},"frame":{"x":25,"y":2,"w":20,"h":20}},{"filename":"shot-guide/blue","rotated":false,"trimmed":false,"sourceSize":{"w":20,"h":20},"spriteSourceSize":{"x":0,"y":0,"w":20,"h":20},"frame":{"x":48,"y":2,"w":20,"h":20}},{"filename":"shot-guide/cyan","rotated":false,"trimmed":false,"sourceSize":{"w":20,"h":20},"spriteSourceSize":{"x":0,"y":0,"w":20,"h":20},"frame":{"x":71,"y":2,"w":20,"h":20}},{"filename":"shot-guide/gray","rotated":false,"trimmed":false,"sourceSize":{"w":20,"h":20},"spriteSourceSize":{"x":0,"y":0,"w":20,"h":20},"frame":{"x":94,"y":2,"w":20,"h":20}},{"filename":"shot-guide/green","rotated":false,"trimmed":false,"sourceSize":{"w":20,"h":20},"spriteSourceSize":{"x":0,"y":0,"w":20,"h":20},"frame":{"x":117,"y":2,"w":20,"h":20}},{"filename":"shot-guide/orange","rotated":false,"trimmed":false,"sourceSize":{"w":20,"h":20},"spriteSourceSize":{"x":0,"y":0,"w":20,"h":20},"frame":{"x":140,"y":2,"w":20,"h":20}},{"filename":"shot-guide/pink","rotated":false,"trimmed":false,"sourceSize":{"w":20,"h":20},"spriteSourceSize":{"x":0,"y":0,"w":20,"h":20},"frame":{"x":163,"y":2,"w":20,"h":20}},{"filename":"shot-guide/red","rotated":false,"trimmed":false,"sourceSize":{"w":20,"h":20},"spriteSourceSize":{"x":0,"y":0,"w":20,"h":20},"frame":{"x":186,"y":2,"w":20,"h":20}},{"filename":"shot-guide/violet","rotated":false,"trimmed":false,"sourceSize":{"w":20,"h":20},"spriteSourceSize":{"x":0,"y":0,"w":20,"h":20},"frame":{"x":209,"y":2,"w":20,"h":20}},{"filename":"shot-guide/yellow","rotated":false,"trimmed":false,"sourceSize":{"w":20,"h":20},"spriteSourceSize":{"x":0,"y":0,"w":20,"h":20},"frame":{"x":2,"y":25,"w":20,"h":20}},{"filename":"stamps/stamp-05","rotated":false,"trimmed":true,"sourceSize":{"w":41,"h":44},"spriteSourceSize":{"x":2,"y":0,"w":38,"h":42},"frame":{"x":25,"y":25,"w":38,"h":42}},{"filename":"stamps/stamp-10","rotated":false,"trimmed":true,"sourceSize":{"w":41,"h":44},"spriteSourceSize":{"x":2,"y":0,"w":38,"h":42},"frame":{"x":66,"y":25,"w":38,"h":42}},{"filename":"stamps/stamp-15","rotated":false,"trimmed":true,"sourceSize":{"w":41,"h":44},"spriteSourceSize":{"x":2,"y":0,"w":38,"h":42},"frame":{"x":107,"y":25,"w":38,"h":42}},{"filename":"stamps/stamp-2x","rotated":false,"trimmed":true,"sourceSize":{"w":41,"h":44},"spriteSourceSize":{"x":2,"y":0,"w":38,"h":42},"frame":{"x":148,"y":25,"w":38,"h":42}},{"filename":"stamps/stamp-3x","rotated":false,"trimmed":true,"sourceSize":{"w":41,"h":44},"spriteSourceSize":{"x":2,"y":0,"w":38,"h":42},"frame":{"x":189,"y":25,"w":38,"h":42}},{"filename":"stamps/stamp-4x","rotated":false,"trimmed":true,"sourceSize":{"w":41,"h":44},"spriteSourceSize":{"x":2,"y":0,"w":38,"h":42},"frame":{"x":2,"y":70,"w":38,"h":42}},{"filename":"stamps/stamp-up","rotated":false,"trimmed":false,"sourceSize":{"w":41,"h":44},"spriteSourceSize":{"x":0,"y":0,"w":41,"h":44},"frame":{"x":43,"y":70,"w":41,"h":44}},{"filename":"eggs/bubble-black","rotated":false,"trimmed":false,"sourceSize":{"w":66,"h":68},"spriteSourceSize":{"x":0,"y":0,"w":66,"h":68},"frame":{"x":87,"y":70,"w":66,"h":68}},{"filename":"eggs/bubble-blue","rotated":false,"trimmed":false,"sourceSize":{"w":66,"h":68},"spriteSourceSize":{"x":0,"y":0,"w":66,"h":68},"frame":{"x":156,"y":70,"w":66,"h":68}},{"filename":"eggs/bubble-cyan","rotated":false,"trimmed":false,"sourceSize":{"w":66,"h":68},"spriteSourceSize":{"x":0,"y":0,"w":66,"h":68},"frame":{"x":2,"y":141,"w":66,"h":68}},{"filename":"eggs/bubble-gray","rotated":false,"trimmed":false,"sourceSize":{"w":66,"h":68},"spriteSourceSize":{"x":0,"y":0,"w":66,"h":68},"frame":{"x":71,"y":141,"w":66,"h":68}},{"filename":"eggs/bubble-green","rotated":false,"trimmed":false,"sourceSize":{"w":66,"h":68},"spriteSourceSize":{"x":0,"y":0,"w":66,"h":68},"frame":{"x":140,"y":141,"w":66,"h":68}},{"filename":"eggs/bubble-pink","rotated":false,"trimmed":false,"sourceSize":{"w":66,"h":68},"spriteSourceSize":{"x":0,"y":0,"w":66,"h":68},"frame":{"x":2,"y":212,"w":66,"h":68}},{"filename":"eggs/bubble-red","rotated":false,"trimmed":false,"sourceSize":{"w":66,"h":68},"spriteSourceSize":{"x":0,"y":0,"w":66,"h":68},"frame":{"x":71,"y":212,"w":66,"h":68}},{"filename":"eggs/bubble-violet","rotated":false,"trimmed":false,"sourceSize":{"w":66,"h":68},"spriteSourceSize":{"x":0,"y":0,"w":66,"h":68},"frame":{"x":140,"y":212,"w":66,"h":68}},{"filename":"eggs/bubble-yellow","rotated":false,"trimmed":false,"sourceSize":{"w":66,"h":68},"spriteSourceSize":{"x":0,"y":0,"w":66,"h":68},"frame":{"x":2,"y":283,"w":66,"h":68}},{"filename":"bombs/bomb","rotated":false,"trimmed":false,"sourceSize":{"w":70,"h":74},"spriteSourceSize":{"x":0,"y":0,"w":70,"h":74},"frame":{"x":71,"y":283,"w":70,"h":74}},{"filename":"blank","rotated":false,"trimmed":false,"sourceSize":{"w":100,"h":100},"spriteSourceSize":{"x":0,"y":0,"w":100,"h":100},"frame":{"x":144,"y":283,"w":100,"h":100}},{"filename":"shooter","rotated":false,"trimmed":false,"sourceSize":{"w":186,"h":186},"spriteSourceSize":{"x":0,"y":0,"w":186,"h":186},"frame":{"x":2,"y":386,"w":186,"h":186}}]}],"meta":{"app":"https://www.codeandweb.com/texturepacker","version":"3.0","smartupdate":"$TexturePacker:SmartUpdate:21c16584c4bc8e066011ff77fa7953bb:a747e79f60fdeec0ce3b36e5780895e4:fe669df86ff0d368c5af8d75dcf4ef2e$"}}