{"textures":[{"image":"gameplay-textures.png","format":"RGBA8888","size":{"w":1011,"h":1834},"scale":1,"frames":[{"filename":"particles/others/circle-1","rotated":false,"trimmed":false,"sourceSize":{"w":3,"h":3},"spriteSourceSize":{"x":0,"y":0,"w":3,"h":3},"frame":{"x":2,"y":2,"w":3,"h":3}},{"filename":"others/rope","rotated":false,"trimmed":false,"sourceSize":{"w":750,"h":8},"spriteSourceSize":{"x":0,"y":0,"w":750,"h":8},"frame":{"x":8,"y":2,"w":750,"h":8}},{"filename":"particles/others/circle-2","rotated":false,"trimmed":false,"sourceSize":{"w":9,"h":9},"spriteSourceSize":{"x":0,"y":0,"w":9,"h":9},"frame":{"x":761,"y":2,"w":9,"h":9}},{"filename":"particles/egg/egg-shell-1","rotated":false,"trimmed":false,"sourceSize":{"w":16,"h":16},"spriteSourceSize":{"x":0,"y":0,"w":16,"h":16},"frame":{"x":773,"y":2,"w":16,"h":16}},{"filename":"particles/others/star","rotated":false,"trimmed":false,"sourceSize":{"w":19,"h":19},"spriteSourceSize":{"x":0,"y":0,"w":19,"h":19},"frame":{"x":792,"y":2,"w":19,"h":19}},{"filename":"particles/egg/egg-shell-5","rotated":false,"trimmed":false,"sourceSize":{"w":21,"h":24},"spriteSourceSize":{"x":0,"y":0,"w":21,"h":24},"frame":{"x":814,"y":2,"w":21,"h":24}},{"filename":"others/top-line","rotated":false,"trimmed":true,"sourceSize":{"w":750,"h":32},"spriteSourceSize":{"x":0,"y":0,"w":750,"h":25},"frame":{"x":2,"y":29,"w":750,"h":25}},{"filename":"particles/egg/egg-shell-2","rotated":false,"trimmed":false,"sourceSize":{"w":19,"h":26},"spriteSourceSize":{"x":0,"y":0,"w":19,"h":26},"frame":{"x":755,"y":29,"w":19,"h":26}},{"filename":"particles/egg/egg-shell-3","rotated":false,"trimmed":false,"sourceSize":{"w":23,"h":26},"spriteSourceSize":{"x":0,"y":0,"w":23,"h":26},"frame":{"x":777,"y":29,"w":23,"h":26}},{"filename":"particles/egg/egg-shell-4","rotated":false,"trimmed":false,"sourceSize":{"w":17,"h":26},"spriteSourceSize":{"x":0,"y":0,"w":17,"h":26},"frame":{"x":803,"y":29,"w":17,"h":26}},{"filename":"progress/progress-bottom","rotated":false,"trimmed":true,"sourceSize":{"w":36,"h":26},"spriteSourceSize":{"x":9,"y":0,"w":18,"h":26},"frame":{"x":823,"y":29,"w":18,"h":26}},{"filename":"progress/progress-middle","rotated":false,"trimmed":true,"sourceSize":{"w":36,"h":26},"spriteSourceSize":{"x":9,"y":0,"w":18,"h":26},"frame":{"x":844,"y":29,"w":18,"h":26}},{"filename":"progress/progress-top","rotated":false,"trimmed":true,"sourceSize":{"w":36,"h":26},"spriteSourceSize":{"x":9,"y":0,"w":18,"h":26},"frame":{"x":865,"y":29,"w":18,"h":26}},{"filename":"particles/bomb/bomb-fragment-2","rotated":false,"trimmed":false,"sourceSize":{"w":32,"h":30},"spriteSourceSize":{"x":0,"y":0,"w":32,"h":30},"frame":{"x":886,"y":29,"w":32,"h":30}},{"filename":"particles/bomb/bomb-fragment-6","rotated":false,"trimmed":false,"sourceSize":{"w":40,"h":32},"spriteSourceSize":{"x":0,"y":0,"w":40,"h":32},"frame":{"x":921,"y":29,"w":40,"h":32}},{"filename":"rank/rank-violet","rotated":false,"trimmed":false,"sourceSize":{"w":45,"h":33},"spriteSourceSize":{"x":0,"y":0,"w":45,"h":33},"frame":{"x":964,"y":29,"w":45,"h":33}},{"filename":"rank/rank-yellow","rotated":false,"trimmed":false,"sourceSize":{"w":51,"h":38},"spriteSourceSize":{"x":0,"y":0,"w":51,"h":38},"frame":{"x":2,"y":65,"w":51,"h":38}},{"filename":"animations/egg/egg-explosive-00","rotated":false,"trimmed":true,"sourceSize":{"w":280,"h":280},"spriteSourceSize":{"x":110,"y":119,"w":57,"h":40},"frame":{"x":56,"y":65,"w":57,"h":40}},{"filename":"particles/bomb/bomb-fragment-5","rotated":false,"trimmed":false,"sourceSize":{"w":33,"h":40},"spriteSourceSize":{"x":0,"y":0,"w":33,"h":40},"frame":{"x":116,"y":65,"w":33,"h":40}},{"filename":"particles/bomb/bomb-fragment-3","rotated":false,"trimmed":false,"sourceSize":{"w":43,"h":41},"spriteSourceSize":{"x":0,"y":0,"w":43,"h":41},"frame":{"x":152,"y":65,"w":43,"h":41}},{"filename":"particles/bomb/bomb-fragment-1","rotated":false,"trimmed":false,"sourceSize":{"w":43,"h":44},"spriteSourceSize":{"x":0,"y":0,"w":43,"h":44},"frame":{"x":198,"y":65,"w":43,"h":44}},{"filename":"particles/bomb/bomb-fragment-4","rotated":false,"trimmed":false,"sourceSize":{"w":36,"h":45},"spriteSourceSize":{"x":0,"y":0,"w":36,"h":45},"frame":{"x":244,"y":65,"w":36,"h":45}},{"filename":"animations/fly-dino/leg/leg-2","rotated":false,"trimmed":true,"sourceSize":{"w":42,"h":52},"spriteSourceSize":{"x":0,"y":0,"w":42,"h":47},"frame":{"x":283,"y":65,"w":42,"h":47}},{"filename":"animations/fly-dino/leg/leg-3","rotated":false,"trimmed":true,"sourceSize":{"w":42,"h":52},"spriteSourceSize":{"x":0,"y":0,"w":42,"h":47},"frame":{"x":328,"y":65,"w":42,"h":47}},{"filename":"animations/fly-dino/leg/leg-7","rotated":false,"trimmed":true,"sourceSize":{"w":42,"h":52},"spriteSourceSize":{"x":0,"y":0,"w":41,"h":49},"frame":{"x":373,"y":65,"w":41,"h":49}},{"filename":"animations/fly-dino/leg/leg-8","rotated":false,"trimmed":true,"sourceSize":{"w":42,"h":52},"spriteSourceSize":{"x":0,"y":0,"w":41,"h":49},"frame":{"x":417,"y":65,"w":41,"h":49}},{"filename":"animations/fly-dino/leg/leg-1","rotated":false,"trimmed":true,"sourceSize":{"w":42,"h":52},"spriteSourceSize":{"x":0,"y":0,"w":40,"h":50},"frame":{"x":461,"y":65,"w":40,"h":50}},{"filename":"animations/fly-dino/leg/leg-4","rotated":false,"trimmed":true,"sourceSize":{"w":42,"h":52},"spriteSourceSize":{"x":0,"y":0,"w":41,"h":50},"frame":{"x":504,"y":65,"w":41,"h":50}},{"filename":"animations/fly-dino/leg/leg-5","rotated":false,"trimmed":true,"sourceSize":{"w":42,"h":52},"spriteSourceSize":{"x":0,"y":0,"w":39,"h":51},"frame":{"x":548,"y":65,"w":39,"h":51}},{"filename":"animations/fly-dino/leg/leg-6","rotated":false,"trimmed":true,"sourceSize":{"w":42,"h":52},"spriteSourceSize":{"x":0,"y":0,"w":38,"h":52},"frame":{"x":590,"y":65,"w":38,"h":52}},{"filename":"avatar/bg","rotated":false,"trimmed":false,"sourceSize":{"w":58,"h":58},"spriteSourceSize":{"x":0,"y":0,"w":58,"h":58},"frame":{"x":631,"y":65,"w":58,"h":58}},{"filename":"others/tab-score","rotated":false,"trimmed":false,"sourceSize":{"w":154,"h":66},"spriteSourceSize":{"x":0,"y":0,"w":154,"h":66},"frame":{"x":692,"y":65,"w":154,"h":66}},{"filename":"icons/bronze","rotated":false,"trimmed":false,"sourceSize":{"w":70,"h":68},"spriteSourceSize":{"x":0,"y":0,"w":70,"h":68},"frame":{"x":849,"y":65,"w":70,"h":68}},{"filename":"icons/gold","rotated":false,"trimmed":false,"sourceSize":{"w":70,"h":68},"spriteSourceSize":{"x":0,"y":0,"w":70,"h":68},"frame":{"x":922,"y":65,"w":70,"h":68}},{"filename":"icons/silver","rotated":false,"trimmed":false,"sourceSize":{"w":70,"h":68},"spriteSourceSize":{"x":0,"y":0,"w":70,"h":68},"frame":{"x":2,"y":136,"w":70,"h":68}},{"filename":"avatar/frame","rotated":false,"trimmed":false,"sourceSize":{"w":74,"h":74},"spriteSourceSize":{"x":0,"y":0,"w":74,"h":74},"frame":{"x":75,"y":136,"w":74,"h":74}},{"filename":"buttons/pause","rotated":false,"trimmed":false,"sourceSize":{"w":91,"h":74},"spriteSourceSize":{"x":0,"y":0,"w":91,"h":74},"frame":{"x":152,"y":136,"w":91,"h":74}},{"filename":"items/gift-close","rotated":false,"trimmed":false,"sourceSize":{"w":64,"h":79},"spriteSourceSize":{"x":0,"y":0,"w":64,"h":79},"frame":{"x":246,"y":136,"w":64,"h":79}},{"filename":"others/warning-signal","rotated":false,"trimmed":true,"sourceSize":{"w":100,"h":100},"spriteSourceSize":{"x":0,"y":1,"w":99,"h":98},"frame":{"x":313,"y":136,"w":99,"h":98}},{"filename":"blank","rotated":false,"trimmed":false,"sourceSize":{"w":100,"h":100},"spriteSourceSize":{"x":0,"y":0,"w":100,"h":100},"frame":{"x":415,"y":136,"w":100,"h":100}},{"filename":"others/hand","rotated":false,"trimmed":true,"sourceSize":{"w":131,"h":111},"spriteSourceSize":{"x":8,"y":0,"w":118,"h":111},"frame":{"x":518,"y":136,"w":118,"h":111}},{"filename":"others/highlight-circle","rotated":false,"trimmed":false,"sourceSize":{"w":118,"h":118},"spriteSourceSize":{"x":0,"y":0,"w":118,"h":118},"frame":{"x":639,"y":136,"w":118,"h":118}},{"filename":"items/gift-bomb","rotated":false,"trimmed":false,"sourceSize":{"w":108,"h":121},"spriteSourceSize":{"x":0,"y":0,"w":108,"h":121},"frame":{"x":760,"y":136,"w":108,"h":121}},{"filename":"others/fire-circle","rotated":false,"trimmed":true,"sourceSize":{"w":110,"h":122},"spriteSourceSize":{"x":0,"y":0,"w":106,"h":121},"frame":{"x":871,"y":136,"w":106,"h":121}},{"filename":"animations/fly-dino/body/body-7","rotated":false,"trimmed":true,"sourceSize":{"w":174,"h":127},"spriteSourceSize":{"x":0,"y":0,"w":159,"h":125},"frame":{"x":2,"y":260,"w":159,"h":125}},{"filename":"animations/fly-dino/body/body-3","rotated":false,"trimmed":true,"sourceSize":{"w":174,"h":127},"spriteSourceSize":{"x":0,"y":0,"w":151,"h":126},"frame":{"x":164,"y":260,"w":151,"h":126}},{"filename":"animations/fly-dino/body/body-4","rotated":false,"trimmed":true,"sourceSize":{"w":174,"h":127},"spriteSourceSize":{"x":0,"y":0,"w":156,"h":126},"frame":{"x":318,"y":260,"w":156,"h":126}},{"filename":"animations/fly-dino/body/body-1","rotated":false,"trimmed":false,"sourceSize":{"w":174,"h":127},"spriteSourceSize":{"x":0,"y":0,"w":174,"h":127},"frame":{"x":477,"y":260,"w":174,"h":127}},{"filename":"animations/fly-dino/body/body-2","rotated":false,"trimmed":true,"sourceSize":{"w":174,"h":127},"spriteSourceSize":{"x":0,"y":0,"w":147,"h":127},"frame":{"x":654,"y":260,"w":147,"h":127}},{"filename":"animations/fly-dino/body/body-5","rotated":false,"trimmed":true,"sourceSize":{"w":174,"h":127},"spriteSourceSize":{"x":0,"y":0,"w":165,"h":127},"frame":{"x":804,"y":260,"w":165,"h":127}},{"filename":"animations/fly-dino/body/body-6","rotated":false,"trimmed":true,"sourceSize":{"w":174,"h":127},"spriteSourceSize":{"x":0,"y":0,"w":160,"h":127},"frame":{"x":2,"y":390,"w":160,"h":127}},{"filename":"animations/fly-dino/body/body-8","rotated":false,"trimmed":true,"sourceSize":{"w":174,"h":127},"spriteSourceSize":{"x":0,"y":0,"w":171,"h":127},"frame":{"x":165,"y":390,"w":171,"h":127}},{"filename":"animations/egg/egg-explosive-08","rotated":false,"trimmed":true,"sourceSize":{"w":280,"h":280},"spriteSourceSize":{"x":67,"y":83,"w":139,"h":137},"frame":{"x":339,"y":390,"w":139,"h":137}},{"filename":"animations/egg/egg-explosive-01","rotated":false,"trimmed":true,"sourceSize":{"w":280,"h":280},"spriteSourceSize":{"x":70,"y":66,"w":137,"h":139},"frame":{"x":481,"y":390,"w":137,"h":139}},{"filename":"animations/egg/egg-explosive-02","rotated":false,"trimmed":true,"sourceSize":{"w":280,"h":280},"spriteSourceSize":{"x":65,"y":62,"w":145,"h":141},"frame":{"x":621,"y":390,"w":145,"h":141}},{"filename":"animations/egg/egg-explosive-07","rotated":false,"trimmed":true,"sourceSize":{"w":280,"h":280},"spriteSourceSize":{"x":69,"y":76,"w":143,"h":141},"frame":{"x":769,"y":390,"w":143,"h":141}},{"filename":"animations/egg/egg-explosive-09","rotated":false,"trimmed":true,"sourceSize":{"w":280,"h":280},"spriteSourceSize":{"x":64,"y":82,"w":140,"h":141},"frame":{"x":2,"y":534,"w":140,"h":141}},{"filename":"animations/egg/egg-explosive-03","rotated":false,"trimmed":true,"sourceSize":{"w":280,"h":280},"spriteSourceSize":{"x":72,"y":62,"w":139,"h":143},"frame":{"x":145,"y":534,"w":139,"h":143}},{"filename":"animations/egg/egg-explosive-04","rotated":false,"trimmed":true,"sourceSize":{"w":280,"h":280},"spriteSourceSize":{"x":74,"y":63,"w":139,"h":145},"frame":{"x":287,"y":534,"w":139,"h":145}},{"filename":"animations/egg/egg-explosive-06","rotated":false,"trimmed":true,"sourceSize":{"w":280,"h":280},"spriteSourceSize":{"x":69,"y":72,"w":147,"h":148},"frame":{"x":429,"y":534,"w":147,"h":148}},{"filename":"animations/owl/owl-close","rotated":false,"trimmed":false,"sourceSize":{"w":93,"h":153},"spriteSourceSize":{"x":0,"y":0,"w":93,"h":153},"frame":{"x":579,"y":534,"w":93,"h":153}},{"filename":"animations/owl/owl","rotated":false,"trimmed":false,"sourceSize":{"w":93,"h":153},"spriteSourceSize":{"x":0,"y":0,"w":93,"h":153},"frame":{"x":675,"y":534,"w":93,"h":153}},{"filename":"animations/egg/egg-explosive-05","rotated":false,"trimmed":true,"sourceSize":{"w":280,"h":280},"spriteSourceSize":{"x":59,"y":62,"w":162,"h":161},"frame":{"x":771,"y":534,"w":162,"h":161}},{"filename":"items/glow","rotated":false,"trimmed":false,"sourceSize":{"w":174,"h":171},"spriteSourceSize":{"x":0,"y":0,"w":174,"h":171},"frame":{"x":2,"y":698,"w":174,"h":171}},{"filename":"others/tail","rotated":false,"trimmed":false,"sourceSize":{"w":70,"h":180},"spriteSourceSize":{"x":0,"y":0,"w":70,"h":180},"frame":{"x":179,"y":698,"w":70,"h":180}},{"filename":"progress/progress-bg","rotated":false,"trimmed":false,"sourceSize":{"w":36,"h":180},"spriteSourceSize":{"x":0,"y":0,"w":36,"h":180},"frame":{"x":252,"y":698,"w":36,"h":180}},{"filename":"animations/bomb/showing-bomb-3","rotated":false,"trimmed":true,"sourceSize":{"w":240,"h":246},"spriteSourceSize":{"x":6,"y":14,"w":214,"h":208},"frame":{"x":291,"y":698,"w":214,"h":208}},{"filename":"animations/bomb/showing-bomb-4","rotated":false,"trimmed":true,"sourceSize":{"w":240,"h":246},"spriteSourceSize":{"x":9,"y":9,"w":209,"h":218},"frame":{"x":508,"y":698,"w":209,"h":218}},{"filename":"animations/bomb/showing-bomb-1","rotated":false,"trimmed":true,"sourceSize":{"w":240,"h":246},"spriteSourceSize":{"x":8,"y":9,"w":187,"h":221},"frame":{"x":720,"y":698,"w":187,"h":221}},{"filename":"animations/bomb/showing-bomb-2","rotated":false,"trimmed":true,"sourceSize":{"w":240,"h":246},"spriteSourceSize":{"x":8,"y":9,"w":187,"h":221},"frame":{"x":2,"y":922,"w":187,"h":221}},{"filename":"animations/dino/dino-0","rotated":false,"trimmed":false,"sourceSize":{"w":208,"h":245},"spriteSourceSize":{"x":0,"y":0,"w":208,"h":245},"frame":{"x":192,"y":922,"w":208,"h":245}},{"filename":"animations/dino/dino-1","rotated":false,"trimmed":false,"sourceSize":{"w":208,"h":245},"spriteSourceSize":{"x":0,"y":0,"w":208,"h":245},"frame":{"x":403,"y":922,"w":208,"h":245}},{"filename":"animations/dino/dino-2","rotated":false,"trimmed":false,"sourceSize":{"w":208,"h":245},"spriteSourceSize":{"x":0,"y":0,"w":208,"h":245},"frame":{"x":614,"y":922,"w":208,"h":245}},{"filename":"animations/dino/dino-3","rotated":false,"trimmed":false,"sourceSize":{"w":208,"h":245},"spriteSourceSize":{"x":0,"y":0,"w":208,"h":245},"frame":{"x":2,"y":1170,"w":208,"h":245}},{"filename":"others/footer-bg","rotated":false,"trimmed":false,"sourceSize":{"w":750,"h":662},"spriteSourceSize":{"x":0,"y":0,"w":750,"h":662},"frame":{"x":213,"y":1170,"w":750,"h":662}}]}],"meta":{"app":"https://www.codeandweb.com/texturepacker","version":"3.0","smartupdate":"$TexturePacker:SmartUpdate:443e97b02627ddf6042aeebbf1aec2e4:83bfd455ce37e3e71445f43e0003c3cb:d56ac50a1ea6dd5a1ba27a32e328f2f2$"}}