<?xml version="1.0" encoding="UTF-8"?><font><info face="Troika" size="72" bold="0" italic="0" charset="" unicode="1" stretchH="100" smooth="1" aa="1" padding="1,1,1,1" spacing="1,1"/><common lineHeight="72" base="63" scaleW="606" scaleH="598" pages="1" packed="0"/><pages><page id="0" file="Troika Regular ru.png"/></pages><chars count="118"><char id="32" x="0" y="0" width="0" height="0" xoffset="0" yoffset="-10" xadvance="18" page="0" chnl="15"/><char id="33" x="355" y="207" width="27" height="59" xoffset="-3" yoffset="2" xadvance="21" page="0" chnl="15"/><char id="34" x="568" y="328" width="37" height="27" xoffset="-5" yoffset="0" xadvance="27" page="0" chnl="15"/><char id="35" x="501" y="447" width="47" height="57" xoffset="-7" yoffset="3" xadvance="34" page="0" chnl="15"/><char id="36" x="379" y="0" width="42" height="71" xoffset="-4" yoffset="-4" xadvance="35" page="0" chnl="15"/><char id="37" x="89" y="388" width="51" height="58" xoffset="-4" yoffset="3" xadvance="44" page="0" chnl="15"/><char id="38" x="549" y="447" width="49" height="57" xoffset="-4" yoffset="3" xadvance="41" page="0" chnl="15"/><char id="39" x="581" y="0" width="24" height="27" xoffset="-5" yoffset="0" xadvance="15" page="0" chnl="15"/><char id="40" x="229" y="0" width="30" height="73" xoffset="-3" yoffset="-4" xadvance="20" page="0" chnl="15"/><char id="41" x="260" y="0" width="29" height="73" xoffset="-7" yoffset="-4" xadvance="20" page="0" chnl="15"/><char id="42" x="568" y="356" width="29" height="30" xoffset="-5" yoffset="2" xadvance="20" page="0" chnl="15"/><char id="43" x="548" y="506" width="41" height="43" xoffset="-6" yoffset="11" xadvance="29" page="0" chnl="15"/><char id="44" x="0" y="564" width="26" height="34" xoffset="-4" yoffset="35" xadvance="18" page="0" chnl="15"/><char id="45" x="94" y="564" width="31" height="26" xoffset="-5" yoffset="19" xadvance="22" page="0" chnl="15"/><char id="46" x="67" y="564" width="26" height="27" xoffset="-4" yoffset="34" xadvance="18" page="0" chnl="15"/><char id="47" x="358" y="77" width="37" height="65" xoffset="-8" yoffset="0" xadvance="21" page="0" chnl="15"/><char id="48" x="483" y="328" width="46" height="58" xoffset="-3" yoffset="2" xadvance="40" page="0" chnl="15"/><char id="49" x="530" y="328" width="37" height="58" xoffset="-6" yoffset="3" xadvance="29" page="0" chnl="15"/><char id="50" x="407" y="447" width="44" height="57" xoffset="-4" yoffset="3" xadvance="35" page="0" chnl="15"/><char id="51" x="0" y="388" width="44" height="58" xoffset="-5" yoffset="3" xadvance="34" page="0" chnl="15"/><char id="52" x="452" y="447" width="48" height="57" xoffset="-6" yoffset="3" xadvance="37" page="0" chnl="15"/><char id="53" x="45" y="388" width="43" height="58" xoffset="-4" yoffset="3" xadvance="36" page="0" chnl="15"/><char id="54" x="164" y="207" width="47" height="59" xoffset="-5" yoffset="2" xadvance="37" page="0" chnl="15"/><char id="55" x="212" y="207" width="45" height="59" xoffset="-5" yoffset="3" xadvance="35" page="0" chnl="15"/><char id="56" x="258" y="207" width="48" height="59" xoffset="-4" yoffset="2" xadvance="39" page="0" chnl="15"/><char id="57" x="307" y="207" width="47" height="59" xoffset="-5" yoffset="3" xadvance="36" page="0" chnl="15"/><char id="58" x="576" y="388" width="26" height="48" xoffset="-3" yoffset="12" xadvance="19" page="0" chnl="15"/><char id="59" x="580" y="268" width="26" height="57" xoffset="-3" yoffset="12" xadvance="20" page="0" chnl="15"/><char id="61" x="27" y="564" width="39" height="33" xoffset="-5" yoffset="17" xadvance="29" page="0" chnl="15"/><char id="63" x="141" y="388" width="42" height="58" xoffset="-4" yoffset="3" xadvance="34" page="0" chnl="15"/><char id="64" x="548" y="77" width="57" height="59" xoffset="-5" yoffset="2" xadvance="47" page="0" chnl="15"/><char id="68" x="210" y="447" width="49" height="58" xoffset="-3" yoffset="2" xadvance="42" page="0" chnl="15"/><char id="69" x="365" y="447" width="41" height="58" xoffset="-3" yoffset="2" xadvance="34" page="0" chnl="15"/><char id="73" x="569" y="207" width="28" height="59" xoffset="-3" yoffset="2" xadvance="23" page="0" chnl="15"/><char id="77" x="260" y="447" width="56" height="58" xoffset="-3" yoffset="3" xadvance="50" page="0" chnl="15"/><char id="78" x="448" y="506" width="50" height="57" xoffset="-3" yoffset="3" xadvance="44" page="0" chnl="15"/><char id="79" x="499" y="506" width="48" height="57" xoffset="-3" yoffset="3" xadvance="41" page="0" chnl="15"/><char id="84" x="317" y="447" width="47" height="58" xoffset="-6" yoffset="2" xadvance="36" page="0" chnl="15"/><char id="88" x="344" y="506" width="52" height="57" xoffset="-5" yoffset="3" xadvance="42" page="0" chnl="15"/><char id="91" x="422" y="0" width="28" height="70" xoffset="-3" yoffset="-3" xadvance="19" page="0" chnl="15"/><char id="92" x="510" y="77" width="37" height="65" xoffset="-8" yoffset="0" xadvance="21" page="0" chnl="15"/><char id="93" x="451" y="0" width="27" height="70" xoffset="-7" yoffset="-3" xadvance="18" page="0" chnl="15"/><char id="94" x="126" y="564" width="42" height="25" xoffset="-7" yoffset="20" xadvance="29" page="0" chnl="15"/><char id="95" x="169" y="564" width="40" height="20" xoffset="-6" yoffset="48" xadvance="29" page="0" chnl="15"/><char id="110" x="397" y="506" width="50" height="57" xoffset="-3" yoffset="3" xadvance="44" page="0" chnl="15"/><char id="123" x="290" y="0" width="32" height="73" xoffset="-6" yoffset="-4" xadvance="19" page="0" chnl="15"/><char id="124" x="357" y="0" width="21" height="71" xoffset="-3" yoffset="-4" xadvance="15" page="0" chnl="15"/><char id="125" x="323" y="0" width="33" height="73" xoffset="-8" yoffset="-4" xadvance="20" page="0" chnl="15"/><char id="199" x="0" y="0" width="56" height="76" xoffset="-4" yoffset="-12" xadvance="49" page="0" chnl="15"/><char id="214" x="103" y="0" width="60" height="74" xoffset="-4" yoffset="-23" xadvance="52" page="0" chnl="15"/><char id="220" x="164" y="0" width="64" height="74" xoffset="-6" yoffset="-23" xadvance="52" page="0" chnl="15"/><char id="350" x="57" y="0" width="45" height="76" xoffset="-2" yoffset="-12" xadvance="41" page="0" chnl="15"/><char id="1025" x="0" y="77" width="41" height="67" xoffset="-3" yoffset="-7" xadvance="34" page="0" chnl="15"/><char id="1040" x="184" y="388" width="50" height="58" xoffset="-5" yoffset="3" xadvance="40" page="0" chnl="15"/><char id="1041" x="0" y="145" width="50" height="61" xoffset="-3" yoffset="1" xadvance="41" page="0" chnl="15"/><char id="1042" x="383" y="207" width="50" height="59" xoffset="-3" yoffset="2" xadvance="41" page="0" chnl="15"/><char id="1043" x="485" y="207" width="41" height="59" xoffset="-2" yoffset="2" xadvance="34" page="0" chnl="15"/><char id="1044" x="84" y="77" width="63" height="66" xoffset="-6" yoffset="2" xadvance="52" page="0" chnl="15"/><char id="1045" x="286" y="388" width="41" height="58" xoffset="-3" yoffset="2" xadvance="34" page="0" chnl="15"/><char id="1046" x="225" y="145" width="73" height="60" xoffset="-5" yoffset="2" xadvance="63" page="0" chnl="15"/><char id="1047" x="0" y="268" width="43" height="59" xoffset="-4" yoffset="3" xadvance="33" page="0" chnl="15"/><char id="1048" x="370" y="388" width="50" height="58" xoffset="-3" yoffset="3" xadvance="44" page="0" chnl="15"/><char id="1049" x="479" y="0" width="50" height="70" xoffset="-3" yoffset="-9" xadvance="44" page="0" chnl="15"/><char id="1050" x="472" y="388" width="51" height="58" xoffset="-4" yoffset="3" xadvance="43" page="0" chnl="15"/><char id="1051" x="88" y="268" width="55" height="59" xoffset="-6" yoffset="2" xadvance="46" page="0" chnl="15"/><char id="1052" x="0" y="447" width="56" height="58" xoffset="-3" yoffset="3" xadvance="50" page="0" chnl="15"/><char id="1053" x="200" y="268" width="49" height="59" xoffset="-3" yoffset="2" xadvance="44" page="0" chnl="15"/><char id="1054" x="0" y="506" width="48" height="57" xoffset="-3" yoffset="3" xadvance="41" page="0" chnl="15"/><char id="1055" x="300" y="268" width="49" height="59" xoffset="-3" yoffset="2" xadvance="44" page="0" chnl="15"/><char id="1056" x="400" y="268" width="47" height="59" xoffset="-3" yoffset="2" xadvance="39" page="0" chnl="15"/><char id="1057" x="496" y="268" width="41" height="59" xoffset="-2" yoffset="2" xadvance="35" page="0" chnl="15"/><char id="1058" x="114" y="447" width="47" height="58" xoffset="-6" yoffset="2" xadvance="36" page="0" chnl="15"/><char id="1059" x="373" y="145" width="49" height="60" xoffset="-4" yoffset="2" xadvance="41" page="0" chnl="15"/><char id="1060" x="99" y="145" width="62" height="61" xoffset="-5" yoffset="1" xadvance="52" page="0" chnl="15"/><char id="1061" x="98" y="506" width="52" height="57" xoffset="-5" yoffset="3" xadvance="42" page="0" chnl="15"/><char id="1062" x="396" y="77" width="56" height="65" xoffset="-4" yoffset="2" xadvance="46" page="0" chnl="15"/><char id="1063" x="0" y="328" width="49" height="59" xoffset="-5" yoffset="2" xadvance="41" page="0" chnl="15"/><char id="1064" x="100" y="328" width="67" height="59" xoffset="-3" yoffset="2" xadvance="61" page="0" chnl="15"/><char id="1065" x="212" y="77" width="72" height="66" xoffset="-3" yoffset="2" xadvance="63" page="0" chnl="15"/><char id="1066" x="236" y="328" width="56" height="59" xoffset="-6" yoffset="2" xadvance="44" page="0" chnl="15"/><char id="1067" x="526" y="145" width="68" height="60" xoffset="-3" yoffset="2" xadvance="62" page="0" chnl="15"/><char id="1068" x="65" y="207" width="50" height="60" xoffset="-3" yoffset="2" xadvance="42" page="0" chnl="15"/><char id="1069" x="293" y="328" width="42" height="59" xoffset="-5" yoffset="2" xadvance="33" page="0" chnl="15"/><char id="1070" x="204" y="506" width="69" height="57" xoffset="-3" yoffset="3" xadvance="62" page="0" chnl="15"/><char id="1071" x="379" y="328" width="51" height="59" xoffset="-7" yoffset="3" xadvance="41" page="0" chnl="15"/><char id="1072" x="235" y="388" width="50" height="58" xoffset="-5" yoffset="3" xadvance="40" page="0" chnl="15"/><char id="1073" x="51" y="145" width="47" height="61" xoffset="-3" yoffset="1" xadvance="39" page="0" chnl="15"/><char id="1074" x="434" y="207" width="50" height="59" xoffset="-3" yoffset="2" xadvance="41" page="0" chnl="15"/><char id="1075" x="527" y="207" width="41" height="59" xoffset="-2" yoffset="2" xadvance="34" page="0" chnl="15"/><char id="1076" x="148" y="77" width="63" height="66" xoffset="-6" yoffset="2" xadvance="52" page="0" chnl="15"/><char id="1077" x="328" y="388" width="41" height="58" xoffset="-3" yoffset="2" xadvance="34" page="0" chnl="15"/><char id="1078" x="299" y="145" width="73" height="60" xoffset="-5" yoffset="2" xadvance="63" page="0" chnl="15"/><char id="1079" x="44" y="268" width="43" height="59" xoffset="-4" yoffset="3" xadvance="33" page="0" chnl="15"/><char id="1080" x="421" y="388" width="50" height="58" xoffset="-3" yoffset="3" xadvance="44" page="0" chnl="15"/><char id="1081" x="530" y="0" width="50" height="70" xoffset="-3" yoffset="-9" xadvance="44" page="0" chnl="15"/><char id="1082" x="524" y="388" width="51" height="58" xoffset="-4" yoffset="3" xadvance="43" page="0" chnl="15"/><char id="1083" x="144" y="268" width="55" height="59" xoffset="-6" yoffset="2" xadvance="46" page="0" chnl="15"/><char id="1084" x="57" y="447" width="56" height="58" xoffset="-3" yoffset="3" xadvance="50" page="0" chnl="15"/><char id="1085" x="250" y="268" width="49" height="59" xoffset="-3" yoffset="2" xadvance="44" page="0" chnl="15"/><char id="1086" x="49" y="506" width="48" height="57" xoffset="-3" yoffset="3" xadvance="41" page="0" chnl="15"/><char id="1087" x="350" y="268" width="49" height="59" xoffset="-3" yoffset="2" xadvance="44" page="0" chnl="15"/><char id="1088" x="448" y="268" width="47" height="59" xoffset="-3" yoffset="2" xadvance="39" page="0" chnl="15"/><char id="1089" x="538" y="268" width="41" height="59" xoffset="-2" yoffset="2" xadvance="35" page="0" chnl="15"/><char id="1090" x="162" y="447" width="47" height="58" xoffset="-6" yoffset="2" xadvance="36" page="0" chnl="15"/><char id="1091" x="423" y="145" width="49" height="60" xoffset="-4" yoffset="2" xadvance="41" page="0" chnl="15"/><char id="1092" x="162" y="145" width="62" height="61" xoffset="-5" yoffset="1" xadvance="52" page="0" chnl="15"/><char id="1093" x="151" y="506" width="52" height="57" xoffset="-5" yoffset="3" xadvance="42" page="0" chnl="15"/><char id="1094" x="453" y="77" width="56" height="65" xoffset="-4" yoffset="2" xadvance="46" page="0" chnl="15"/><char id="1095" x="50" y="328" width="49" height="59" xoffset="-5" yoffset="2" xadvance="41" page="0" chnl="15"/><char id="1096" x="168" y="328" width="67" height="59" xoffset="-3" yoffset="2" xadvance="61" page="0" chnl="15"/><char id="1097" x="285" y="77" width="72" height="66" xoffset="-3" yoffset="2" xadvance="63" page="0" chnl="15"/><char id="1098" x="473" y="145" width="52" height="60" xoffset="-6" yoffset="2" xadvance="41" page="0" chnl="15"/><char id="1099" x="0" y="207" width="64" height="60" xoffset="-3" yoffset="2" xadvance="58" page="0" chnl="15"/><char id="1100" x="116" y="207" width="47" height="60" xoffset="-3" yoffset="2" xadvance="39" page="0" chnl="15"/><char id="1101" x="336" y="328" width="42" height="59" xoffset="-5" yoffset="2" xadvance="33" page="0" chnl="15"/><char id="1102" x="274" y="506" width="69" height="57" xoffset="-3" yoffset="3" xadvance="62" page="0" chnl="15"/><char id="1103" x="431" y="328" width="51" height="59" xoffset="-7" yoffset="3" xadvance="41" page="0" chnl="15"/><char id="1105" x="42" y="77" width="41" height="67" xoffset="-3" yoffset="-7" xadvance="34" page="0" chnl="15"/></chars><kernings count="47"><kerning first="40" second="1044" amount="1"/><kerning first="40" second="1076" amount="1"/><kerning first="1040" second="1058" amount="-2"/><kerning first="1040" second="1090" amount="-2"/><kerning first="1040" second="1063" amount="-1"/><kerning first="1040" second="1095" amount="-1"/><kerning first="1040" second="1066" amount="-1"/><kerning first="1040" second="1098" amount="-2"/><kerning first="1040" second="1071" amount="1"/><kerning first="1040" second="1103" amount="1"/><kerning first="1072" second="1058" amount="-2"/><kerning first="1072" second="1090" amount="-2"/><kerning first="1072" second="1063" amount="-1"/><kerning first="1072" second="1095" amount="-1"/><kerning first="1072" second="1066" amount="-1"/><kerning first="1072" second="1098" amount="-2"/><kerning first="1072" second="1071" amount="1"/><kerning first="1072" second="1103" amount="1"/><kerning first="1043" second="1040" amount="-2"/><kerning first="1043" second="1072" amount="-2"/><kerning first="1043" second="1044" amount="-5"/><kerning first="1043" second="1076" amount="-5"/><kerning first="1043" second="1051" amount="-2"/><kerning first="1043" second="1083" amount="-2"/><kerning first="1075" second="1040" amount="-2"/><kerning first="1075" second="1072" amount="-2"/><kerning first="1075" second="1044" amount="-5"/><kerning first="1075" second="1076" amount="-5"/><kerning first="1075" second="1051" amount="-2"/><kerning first="1075" second="1083" amount="-2"/><kerning first="1047" second="1044" amount="1"/><kerning first="1047" second="1076" amount="1"/><kerning first="1079" second="1044" amount="1"/><kerning first="1079" second="1076" amount="1"/><kerning first="1050" second="1057" amount="-2"/><kerning first="1050" second="1089" amount="-2"/><kerning first="1082" second="1057" amount="-2"/><kerning first="1082" second="1089" amount="-2"/><kerning first="1056" second="1076" amount="-4"/><kerning first="1058" second="1040" amount="-2"/><kerning first="1058" second="1072" amount="-2"/><kerning first="1090" second="1040" amount="-2"/><kerning first="1090" second="1072" amount="-2"/><kerning first="1069" second="1051" amount="-2"/><kerning first="1069" second="1083" amount="-2"/><kerning first="1101" second="1051" amount="-2"/><kerning first="1101" second="1083" amount="-2"/></kernings></font>