<?xml version="1.0" encoding="UTF-8"?><font><info face="Troika" size="72" bold="0" italic="0" charset="" unicode="1" stretchH="100" smooth="1" aa="1" padding="1,1,1,1" spacing="4,4"/><common lineHeight="72" base="61" scaleW="538" scaleH="533" pages="1" packed="0"/><pages><page id="0" file="troika.png"/></pages><chars count="90"><char id="32" x="0" y="0" width="0" height="0" xoffset="0" yoffset="0" xadvance="18" page="0" chnl="15"/><char id="33" x="110" y="329" width="29" height="58" xoffset="-4" yoffset="4" xadvance="21" page="0" chnl="15"/><char id="34" x="404" y="452" width="38" height="27" xoffset="-5" yoffset="1" xadvance="27" page="0" chnl="15"/><char id="35" x="108" y="452" width="48" height="57" xoffset="-7" yoffset="4" xadvance="34" page="0" chnl="15"/><char id="36" x="282" y="0" width="44" height="71" xoffset="-5" yoffset="-3" xadvance="35" page="0" chnl="15"/><char id="37" x="143" y="329" width="53" height="58" xoffset="-5" yoffset="4" xadvance="44" page="0" chnl="15"/><char id="38" x="160" y="452" width="51" height="57" xoffset="-5" yoffset="4" xadvance="41" page="0" chnl="15"/><char id="39" x="446" y="452" width="25" height="27" xoffset="-5" yoffset="1" xadvance="15" page="0" chnl="15"/><char id="40" x="108" y="0" width="32" height="73" xoffset="-4" yoffset="-3" xadvance="20" page="0" chnl="15"/><char id="41" x="144" y="0" width="31" height="73" xoffset="-8" yoffset="-3" xadvance="20" page="0" chnl="15"/><char id="42" x="369" y="452" width="31" height="30" xoffset="-6" yoffset="3" xadvance="20" page="0" chnl="15"/><char id="43" x="246" y="452" width="41" height="43" xoffset="-6" yoffset="12" xadvance="29" page="0" chnl="15"/><char id="44" x="291" y="452" width="29" height="34" xoffset="-6" yoffset="36" xadvance="18" page="0" chnl="15"/><char id="45" x="475" y="452" width="33" height="26" xoffset="-6" yoffset="20" xadvance="22" page="0" chnl="15"/><char id="46" x="494" y="420" width="28" height="27" xoffset="-5" yoffset="35" xadvance="18" page="0" chnl="15"/><char id="47" x="397" y="0" width="39" height="65" xoffset="-9" yoffset="1" xadvance="21" page="0" chnl="15"/><char id="48" x="0" y="205" width="48" height="58" xoffset="-4" yoffset="3" xadvance="40" page="0" chnl="15"/><char id="49" x="52" y="205" width="39" height="58" xoffset="-7" yoffset="4" xadvance="29" page="0" chnl="15"/><char id="50" x="248" y="329" width="46" height="57" xoffset="-5" yoffset="4" xadvance="35" page="0" chnl="15"/><char id="51" x="95" y="205" width="45" height="58" xoffset="-5" yoffset="4" xadvance="34" page="0" chnl="15"/><char id="52" x="298" y="329" width="50" height="57" xoffset="-7" yoffset="4" xadvance="37" page="0" chnl="15"/><char id="53" x="144" y="205" width="44" height="58" xoffset="-4" yoffset="4" xadvance="36" page="0" chnl="15"/><char id="54" x="56" y="78" width="49" height="59" xoffset="-6" yoffset="3" xadvance="37" page="0" chnl="15"/><char id="55" x="109" y="78" width="47" height="59" xoffset="-6" yoffset="4" xadvance="35" page="0" chnl="15"/><char id="56" x="160" y="78" width="49" height="59" xoffset="-5" yoffset="3" xadvance="39" page="0" chnl="15"/><char id="57" x="213" y="78" width="49" height="59" xoffset="-6" yoffset="4" xadvance="36" page="0" chnl="15"/><char id="58" x="215" y="452" width="27" height="48" xoffset="-4" yoffset="13" xadvance="19" page="0" chnl="15"/><char id="59" x="508" y="329" width="29" height="57" xoffset="-5" yoffset="13" xadvance="20" page="0" chnl="15"/><char id="61" x="324" y="452" width="41" height="33" xoffset="-6" yoffset="18" xadvance="29" page="0" chnl="15"/><char id="63" x="200" y="329" width="44" height="58" xoffset="-5" yoffset="4" xadvance="34" page="0" chnl="15"/><char id="64" x="478" y="142" width="59" height="59" xoffset="-6" yoffset="3" xadvance="47" page="0" chnl="15"/><char id="65" x="172" y="267" width="51" height="58" xoffset="-5" yoffset="4" xadvance="40" page="0" chnl="15"/><char id="66" x="227" y="267" width="52" height="58" xoffset="-4" yoffset="4" xadvance="41" page="0" chnl="15"/><char id="67" x="115" y="142" width="43" height="59" xoffset="-3" yoffset="3" xadvance="35" page="0" chnl="15"/><char id="68" x="283" y="267" width="51" height="58" xoffset="-4" yoffset="3" xadvance="42" page="0" chnl="15"/><char id="69" x="223" y="391" width="43" height="57" xoffset="-4" yoffset="4" xadvance="34" page="0" chnl="15"/><char id="70" x="162" y="142" width="44" height="59" xoffset="-3" yoffset="3" xadvance="36" page="0" chnl="15"/><char id="71" x="210" y="142" width="48" height="59" xoffset="-4" yoffset="3" xadvance="40" page="0" chnl="15"/><char id="72" x="262" y="142" width="51" height="59" xoffset="-4" yoffset="3" xadvance="44" page="0" chnl="15"/><char id="73" x="338" y="267" width="30" height="58" xoffset="-4" yoffset="4" xadvance="23" page="0" chnl="15"/><char id="74" x="495" y="205" width="43" height="58" xoffset="-6" yoffset="4" xadvance="33" page="0" chnl="15"/><char id="75" x="372" y="267" width="52" height="58" xoffset="-4" yoffset="4" xadvance="43" page="0" chnl="15"/><char id="76" x="317" y="142" width="42" height="59" xoffset="-4" yoffset="3" xadvance="32" page="0" chnl="15"/><char id="77" x="428" y="267" width="58" height="58" xoffset="-4" yoffset="4" xadvance="50" page="0" chnl="15"/><char id="78" x="270" y="391" width="51" height="57" xoffset="-4" yoffset="4" xadvance="44" page="0" chnl="15"/><char id="79" x="325" y="391" width="50" height="57" xoffset="-4" yoffset="4" xadvance="41" page="0" chnl="15"/><char id="80" x="490" y="267" width="48" height="58" xoffset="-3" yoffset="4" xadvance="39" page="0" chnl="15"/><char id="81" x="54" y="0" width="50" height="74" xoffset="-4" yoffset="4" xadvance="41" page="0" chnl="15"/><char id="82" x="0" y="78" width="52" height="60" xoffset="-4" yoffset="3" xadvance="41" page="0" chnl="15"/><char id="83" x="363" y="142" width="44" height="59" xoffset="-5" yoffset="3" xadvance="35" page="0" chnl="15"/><char id="84" x="0" y="329" width="49" height="58" xoffset="-7" yoffset="3" xadvance="36" page="0" chnl="15"/><char id="85" x="379" y="391" width="51" height="57" xoffset="-4" yoffset="4" xadvance="42" page="0" chnl="15"/><char id="86" x="434" y="391" width="56" height="57" xoffset="-7" yoffset="4" xadvance="42" page="0" chnl="15"/><char id="87" x="411" y="142" width="63" height="59" xoffset="-5" yoffset="3" xadvance="54" page="0" chnl="15"/><char id="88" x="0" y="452" width="54" height="57" xoffset="-6" yoffset="4" xadvance="42" page="0" chnl="15"/><char id="89" x="53" y="329" width="53" height="58" xoffset="-6" yoffset="4" xadvance="41" page="0" chnl="15"/><char id="90" x="58" y="452" width="46" height="57" xoffset="-5" yoffset="4" xadvance="35" page="0" chnl="15"/><char id="91" x="330" y="0" width="30" height="70" xoffset="-4" yoffset="-2" xadvance="19" page="0" chnl="15"/><char id="93" x="364" y="0" width="29" height="70" xoffset="-8" yoffset="-2" xadvance="18" page="0" chnl="15"/><char id="94" x="494" y="391" width="44" height="25" xoffset="-8" yoffset="21" xadvance="29" page="0" chnl="15"/><char id="95" x="0" y="513" width="42" height="20" xoffset="-7" yoffset="49" xadvance="29" page="0" chnl="15"/><char id="97" x="192" y="205" width="51" height="58" xoffset="-5" yoffset="4" xadvance="40" page="0" chnl="15"/><char id="98" x="247" y="205" width="52" height="58" xoffset="-4" yoffset="4" xadvance="41" page="0" chnl="15"/><char id="99" x="266" y="78" width="43" height="59" xoffset="-3" yoffset="3" xadvance="35" page="0" chnl="15"/><char id="100" x="303" y="205" width="51" height="58" xoffset="-4" yoffset="3" xadvance="42" page="0" chnl="15"/><char id="101" x="352" y="329" width="43" height="57" xoffset="-4" yoffset="4" xadvance="34" page="0" chnl="15"/><char id="102" x="313" y="78" width="44" height="59" xoffset="-3" yoffset="3" xadvance="36" page="0" chnl="15"/><char id="103" x="361" y="78" width="48" height="59" xoffset="-4" yoffset="3" xadvance="40" page="0" chnl="15"/><char id="104" x="413" y="78" width="51" height="59" xoffset="-4" yoffset="3" xadvance="44" page="0" chnl="15"/><char id="105" x="358" y="205" width="30" height="58" xoffset="-4" yoffset="4" xadvance="23" page="0" chnl="15"/><char id="106" x="392" y="205" width="43" height="58" xoffset="-6" yoffset="4" xadvance="33" page="0" chnl="15"/><char id="107" x="439" y="205" width="52" height="58" xoffset="-4" yoffset="4" xadvance="43" page="0" chnl="15"/><char id="108" x="496" y="0" width="42" height="59" xoffset="-4" yoffset="3" xadvance="32" page="0" chnl="15"/><char id="109" x="0" y="267" width="58" height="58" xoffset="-4" yoffset="4" xadvance="50" page="0" chnl="15"/><char id="110" x="399" y="329" width="51" height="57" xoffset="-4" yoffset="4" xadvance="44" page="0" chnl="15"/><char id="111" x="454" y="329" width="50" height="57" xoffset="-4" yoffset="4" xadvance="41" page="0" chnl="15"/><char id="112" x="468" y="78" width="48" height="59" xoffset="-3" yoffset="3" xadvance="39" page="0" chnl="15"/><char id="113" x="0" y="0" width="50" height="74" xoffset="-4" yoffset="4" xadvance="41" page="0" chnl="15"/><char id="114" x="440" y="0" width="52" height="60" xoffset="-4" yoffset="3" xadvance="41" page="0" chnl="15"/><char id="115" x="0" y="142" width="44" height="59" xoffset="-5" yoffset="3" xadvance="35" page="0" chnl="15"/><char id="116" x="62" y="267" width="49" height="58" xoffset="-7" yoffset="3" xadvance="36" page="0" chnl="15"/><char id="117" x="0" y="391" width="51" height="57" xoffset="-4" yoffset="4" xadvance="42" page="0" chnl="15"/><char id="118" x="55" y="391" width="56" height="57" xoffset="-7" yoffset="4" xadvance="42" page="0" chnl="15"/><char id="119" x="48" y="142" width="63" height="59" xoffset="-5" yoffset="3" xadvance="54" page="0" chnl="15"/><char id="120" x="115" y="391" width="54" height="57" xoffset="-6" yoffset="4" xadvance="42" page="0" chnl="15"/><char id="121" x="115" y="267" width="53" height="58" xoffset="-6" yoffset="4" xadvance="41" page="0" chnl="15"/><char id="122" x="173" y="391" width="46" height="57" xoffset="-5" yoffset="4" xadvance="35" page="0" chnl="15"/><char id="123" x="179" y="0" width="34" height="73" xoffset="-7" yoffset="-3" xadvance="19" page="0" chnl="15"/><char id="124" x="256" y="0" width="22" height="71" xoffset="-4" yoffset="-3" xadvance="15" page="0" chnl="15"/><char id="125" x="217" y="0" width="35" height="73" xoffset="-9" yoffset="-3" xadvance="20" page="0" chnl="15"/></chars><kernings count="44"><kerning first="97" second="116" amount="-1"/><kerning first="97" second="118" amount="-3"/><kerning first="97" second="121" amount="-1"/><kerning first="97" second="84" amount="-1"/><kerning first="97" second="86" amount="-3"/><kerning first="97" second="89" amount="-1"/><kerning first="98" second="121" amount="-1"/><kerning first="98" second="89" amount="-1"/><kerning first="102" second="97" amount="-1"/><kerning first="102" second="65" amount="-1"/><kerning first="108" second="116" amount="-4"/><kerning first="108" second="121" amount="-6"/><kerning first="108" second="84" amount="-4"/><kerning first="108" second="89" amount="-6"/><kerning first="111" second="118" amount="-1"/><kerning first="111" second="86" amount="-1"/><kerning first="116" second="97" amount="-1"/><kerning first="116" second="65" amount="-1"/><kerning first="118" second="97" amount="-3"/><kerning first="118" second="65" amount="-3"/><kerning first="121" second="97" amount="-1"/><kerning first="121" second="65" amount="-1"/><kerning first="65" second="116" amount="-1"/><kerning first="65" second="118" amount="-3"/><kerning first="65" second="121" amount="-1"/><kerning first="65" second="84" amount="-1"/><kerning first="65" second="86" amount="-3"/><kerning first="65" second="89" amount="-1"/><kerning first="66" second="121" amount="-1"/><kerning first="66" second="89" amount="-1"/><kerning first="70" second="97" amount="-1"/><kerning first="70" second="65" amount="-1"/><kerning first="76" second="116" amount="-4"/><kerning first="76" second="121" amount="-6"/><kerning first="76" second="84" amount="-4"/><kerning first="76" second="89" amount="-6"/><kerning first="79" second="118" amount="-1"/><kerning first="79" second="86" amount="-1"/><kerning first="84" second="97" amount="-1"/><kerning first="84" second="65" amount="-1"/><kerning first="86" second="97" amount="-3"/><kerning first="86" second="65" amount="-3"/><kerning first="89" second="97" amount="-1"/><kerning first="89" second="65" amount="-1"/></kernings></font>