{"textures":[{"image":"default-resources-32bit.png","format":"RGBA8888","size":{"w":487,"h":1269},"scale":0.5,"frames":[{"filename":"dashboard/footer-block","rotated":false,"trimmed":false,"sourceSize":{"w":375,"h":95},"spriteSourceSize":{"x":0,"y":0,"w":375,"h":95},"frame":{"x":2,"y":2,"w":375,"h":95}},{"filename":"tournament/title-logo","rotated":false,"trimmed":false,"sourceSize":{"w":215,"h":177},"spriteSourceSize":{"x":0,"y":0,"w":215,"h":177},"frame":{"x":2,"y":100,"w":215,"h":177}},{"filename":"avatar/blue-frame-big","rotated":false,"trimmed":true,"sourceSize":{"w":105,"h":110},"spriteSourceSize":{"x":0,"y":3,"w":105,"h":107},"frame":{"x":380,"y":2,"w":105,"h":107}},{"filename":"logo/trumpet","rotated":false,"trimmed":true,"sourceSize":{"w":279,"h":82},"spriteSourceSize":{"x":0,"y":8,"w":279,"h":74},"frame":{"x":2,"y":280,"w":279,"h":74}},{"filename":"daily-mission/bg-block","rotated":false,"trimmed":true,"sourceSize":{"w":298,"h":75},"spriteSourceSize":{"x":0,"y":7,"w":298,"h":68},"frame":{"x":2,"y":357,"w":298,"h":68}},{"filename":"popup/board-bottom","rotated":false,"trimmed":false,"sourceSize":{"w":292,"h":58},"spriteSourceSize":{"x":0,"y":0,"w":292,"h":58},"frame":{"x":2,"y":428,"w":292,"h":58}},{"filename":"ribbon/pink","rotated":false,"trimmed":true,"sourceSize":{"w":277,"h":69},"spriteSourceSize":{"x":0,"y":4,"w":276,"h":65},"frame":{"x":2,"y":489,"w":276,"h":65}},{"filename":"ribbon/red","rotated":false,"trimmed":true,"sourceSize":{"w":277,"h":69},"spriteSourceSize":{"x":0,"y":4,"w":276,"h":65},"frame":{"x":2,"y":557,"w":276,"h":65}},{"filename":"leaderboards/bg-dark","rotated":false,"trimmed":true,"sourceSize":{"w":270,"h":44},"spriteSourceSize":{"x":0,"y":3,"w":270,"h":41},"frame":{"x":2,"y":625,"w":270,"h":41}},{"filename":"leaderboards/bg-light","rotated":false,"trimmed":true,"sourceSize":{"w":270,"h":44},"spriteSourceSize":{"x":0,"y":3,"w":270,"h":41},"frame":{"x":2,"y":669,"w":270,"h":41}},{"filename":"logo/leaves","rotated":false,"trimmed":true,"sourceSize":{"w":272,"h":60},"spriteSourceSize":{"x":13,"y":3,"w":246,"h":57},"frame":{"x":2,"y":713,"w":246,"h":57}},{"filename":"ribbon/orange","rotated":false,"trimmed":true,"sourceSize":{"w":225,"h":66},"spriteSourceSize":{"x":0,"y":7,"w":225,"h":59},"frame":{"x":2,"y":773,"w":225,"h":59}},{"filename":"ribbon/violet","rotated":false,"trimmed":true,"sourceSize":{"w":225,"h":66},"spriteSourceSize":{"x":0,"y":7,"w":225,"h":59},"frame":{"x":2,"y":835,"w":225,"h":59}},{"filename":"logo/eggs","rotated":false,"trimmed":false,"sourceSize":{"w":204,"h":66},"spriteSourceSize":{"x":0,"y":0,"w":204,"h":66},"frame":{"x":2,"y":897,"w":204,"h":66}},{"filename":"logo/gift-glow","rotated":false,"trimmed":false,"sourceSize":{"w":114,"h":147},"spriteSourceSize":{"x":0,"y":0,"w":114,"h":147},"frame":{"x":220,"y":100,"w":114,"h":147}},{"filename":"logo/gift-ad","rotated":false,"trimmed":false,"sourceSize":{"w":110,"h":136},"spriteSourceSize":{"x":0,"y":0,"w":110,"h":136},"frame":{"x":2,"y":966,"w":110,"h":136}},{"filename":"logo/gift","rotated":false,"trimmed":true,"sourceSize":{"w":114,"h":147},"spriteSourceSize":{"x":10,"y":10,"w":94,"h":127},"frame":{"x":2,"y":1105,"w":94,"h":127}},{"filename":"avatar/purple-frame-big","rotated":false,"trimmed":true,"sourceSize":{"w":105,"h":110},"spriteSourceSize":{"x":0,"y":3,"w":105,"h":107},"frame":{"x":115,"y":966,"w":105,"h":107}},{"filename":"buttons/blue-big","rotated":false,"trimmed":true,"sourceSize":{"w":136,"h":73},"spriteSourceSize":{"x":0,"y":2,"w":136,"h":71},"frame":{"x":337,"y":112,"w":136,"h":71}},{"filename":"buttons/green-big","rotated":false,"trimmed":true,"sourceSize":{"w":136,"h":73},"spriteSourceSize":{"x":0,"y":2,"w":136,"h":71},"frame":{"x":337,"y":186,"w":136,"h":71}},{"filename":"other/line-hor","rotated":false,"trimmed":false,"sourceSize":{"w":199,"h":3},"spriteSourceSize":{"x":0,"y":0,"w":199,"h":3},"frame":{"x":284,"y":260,"w":199,"h":3}},{"filename":"buttons/blue","rotated":false,"trimmed":true,"sourceSize":{"w":134,"h":68},"spriteSourceSize":{"x":0,"y":3,"w":134,"h":65},"frame":{"x":284,"y":266,"w":134,"h":65}},{"filename":"logo/dino","rotated":false,"trimmed":false,"sourceSize":{"w":98,"h":95},"spriteSourceSize":{"x":0,"y":0,"w":98,"h":95},"frame":{"x":303,"y":334,"w":98,"h":95}},{"filename":"buttons/green","rotated":false,"trimmed":true,"sourceSize":{"w":134,"h":68},"spriteSourceSize":{"x":0,"y":3,"w":134,"h":65},"frame":{"x":297,"y":432,"w":134,"h":65}},{"filename":"buttons/yellow","rotated":false,"trimmed":true,"sourceSize":{"w":134,"h":68},"spriteSourceSize":{"x":0,"y":3,"w":134,"h":65},"frame":{"x":281,"y":500,"w":134,"h":65}},{"filename":"buttons/green-short","rotated":false,"trimmed":true,"sourceSize":{"w":99,"h":69},"spriteSourceSize":{"x":0,"y":4,"w":99,"h":65},"frame":{"x":281,"y":568,"w":99,"h":65}},{"filename":"daily-rewards/bg-wait","rotated":false,"trimmed":true,"sourceSize":{"w":92,"h":108},"spriteSourceSize":{"x":0,"y":6,"w":92,"h":102},"frame":{"x":275,"y":636,"w":92,"h":102}},{"filename":"other/top-panel","rotated":false,"trimmed":false,"sourceSize":{"w":106,"h":35},"spriteSourceSize":{"x":0,"y":0,"w":106,"h":35},"frame":{"x":115,"y":1076,"w":106,"h":35}},{"filename":"daily-rewards/bg-open","rotated":false,"trimmed":true,"sourceSize":{"w":92,"h":108},"spriteSourceSize":{"x":0,"y":6,"w":91,"h":102},"frame":{"x":99,"y":1114,"w":91,"h":102}},{"filename":"popup/bottom-left","rotated":false,"trimmed":false,"sourceSize":{"w":65,"h":48},"spriteSourceSize":{"x":0,"y":0,"w":65,"h":48},"frame":{"x":99,"y":1219,"w":65,"h":48}},{"filename":"popup/bottom-middle","rotated":false,"trimmed":false,"sourceSize":{"w":65,"h":48},"spriteSourceSize":{"x":0,"y":0,"w":65,"h":48},"frame":{"x":167,"y":1219,"w":65,"h":48}},{"filename":"daily-rewards/bg-reward","rotated":false,"trimmed":true,"sourceSize":{"w":92,"h":108},"spriteSourceSize":{"x":0,"y":6,"w":91,"h":102},"frame":{"x":193,"y":1114,"w":91,"h":102}},{"filename":"popup/bottom-right","rotated":false,"trimmed":false,"sourceSize":{"w":65,"h":48},"spriteSourceSize":{"x":0,"y":0,"w":65,"h":48},"frame":{"x":235,"y":1219,"w":65,"h":48}},{"filename":"daily-rewards/coin-day5","rotated":false,"trimmed":false,"sourceSize":{"w":62,"h":61},"spriteSourceSize":{"x":0,"y":0,"w":62,"h":61},"frame":{"x":421,"y":266,"w":62,"h":61}},{"filename":"daily-rewards/coin-day2","rotated":false,"trimmed":false,"sourceSize":{"w":42,"h":32},"spriteSourceSize":{"x":0,"y":0,"w":42,"h":32},"frame":{"x":2,"y":1235,"w":42,"h":32}},{"filename":"logo/dino-sad","rotated":false,"trimmed":true,"sourceSize":{"w":98,"h":95},"spriteSourceSize":{"x":1,"y":0,"w":92,"h":95},"frame":{"x":230,"y":773,"w":92,"h":95}},{"filename":"leaderboards/tab-off","rotated":false,"trimmed":true,"sourceSize":{"w":101,"h":37},"spriteSourceSize":{"x":0,"y":2,"w":101,"h":35},"frame":{"x":230,"y":871,"w":101,"h":35}},{"filename":"texts/no-thanks-ru","rotated":false,"trimmed":false,"sourceSize":{"w":131,"h":21},"spriteSourceSize":{"x":0,"y":0,"w":131,"h":21},"frame":{"x":209,"y":909,"w":131,"h":21}},{"filename":"avatar/bg-big","rotated":false,"trimmed":true,"sourceSize":{"w":105,"h":110},"spriteSourceSize":{"x":11,"y":14,"w":83,"h":80},"frame":{"x":223,"y":933,"w":83,"h":80}},{"filename":"daily-rewards/coin-day6","rotated":false,"trimmed":false,"sourceSize":{"w":65,"h":55},"spriteSourceSize":{"x":0,"y":0,"w":65,"h":55},"frame":{"x":223,"y":1016,"w":65,"h":55}},{"filename":"other/line-ver","rotated":false,"trimmed":false,"sourceSize":{"w":2,"h":107},"spriteSourceSize":{"x":0,"y":0,"w":2,"h":107},"frame":{"x":476,"y":112,"w":2,"h":107}},{"filename":"preloader/dual-ring","rotated":false,"trimmed":true,"sourceSize":{"w":100,"h":100},"spriteSourceSize":{"x":14,"y":14,"w":72,"h":72},"frame":{"x":309,"y":933,"w":72,"h":72}},{"filename":"leaderboards/tab-on","rotated":false,"trimmed":true,"sourceSize":{"w":101,"h":37},"spriteSourceSize":{"x":0,"y":2,"w":101,"h":35},"frame":{"x":224,"y":1074,"w":101,"h":35}},{"filename":"buttons/blue-short","rotated":false,"trimmed":true,"sourceSize":{"w":63,"h":58},"spriteSourceSize":{"x":0,"y":3,"w":63,"h":55},"frame":{"x":291,"y":1016,"w":63,"h":55}},{"filename":"icons/gift","rotated":false,"trimmed":true,"sourceSize":{"w":45,"h":67},"spriteSourceSize":{"x":0,"y":7,"w":45,"h":60},"frame":{"x":287,"y":1112,"w":45,"h":60}},{"filename":"texts/no-thanks","rotated":false,"trimmed":false,"sourceSize":{"w":98,"h":22},"spriteSourceSize":{"x":0,"y":0,"w":98,"h":22},"frame":{"x":251,"y":741,"w":98,"h":22}},{"filename":"daily-rewards/coin-day4","rotated":false,"trimmed":false,"sourceSize":{"w":56,"h":59},"spriteSourceSize":{"x":0,"y":0,"w":56,"h":59},"frame":{"x":383,"y":568,"w":56,"h":59}},{"filename":"icons/share","rotated":false,"trimmed":false,"sourceSize":{"w":29,"h":27},"spriteSourceSize":{"x":0,"y":0,"w":29,"h":27},"frame":{"x":220,"y":250,"w":29,"h":27}},{"filename":"icons/flag","rotated":false,"trimmed":false,"sourceSize":{"w":27,"h":27},"spriteSourceSize":{"x":0,"y":0,"w":27,"h":27},"frame":{"x":252,"y":250,"w":27,"h":27}},{"filename":"tournament/green-button","rotated":false,"trimmed":false,"sourceSize":{"w":80,"h":38},"spriteSourceSize":{"x":0,"y":0,"w":80,"h":38},"frame":{"x":287,"y":1175,"w":80,"h":38}},{"filename":"icons/crown","rotated":false,"trimmed":true,"sourceSize":{"w":57,"h":58},"spriteSourceSize":{"x":0,"y":7,"w":57,"h":51},"frame":{"x":303,"y":1216,"w":57,"h":51}},{"filename":"icons/icon-dynamite","rotated":false,"trimmed":true,"sourceSize":{"w":47,"h":59},"spriteSourceSize":{"x":0,"y":8,"w":47,"h":51},"frame":{"x":363,"y":1216,"w":47,"h":51}},{"filename":"icons/mission","rotated":false,"trimmed":false,"sourceSize":{"w":53,"h":58},"spriteSourceSize":{"x":0,"y":0,"w":53,"h":58},"frame":{"x":325,"y":766,"w":53,"h":58}},{"filename":"daily-rewards/coin-day3","rotated":false,"trimmed":false,"sourceSize":{"w":55,"h":35},"spriteSourceSize":{"x":0,"y":0,"w":55,"h":35},"frame":{"x":325,"y":827,"w":55,"h":35}},{"filename":"icons/icon-2nd","rotated":false,"trimmed":true,"sourceSize":{"w":65,"h":49},"spriteSourceSize":{"x":6,"y":11,"w":53,"h":34},"frame":{"x":334,"y":865,"w":53,"h":34}},{"filename":"icons/ads-video","rotated":false,"trimmed":false,"sourceSize":{"w":36,"h":28},"spriteSourceSize":{"x":0,"y":0,"w":36,"h":28},"frame":{"x":343,"y":902,"w":36,"h":28}},{"filename":"icons/hand","rotated":false,"trimmed":true,"sourceSize":{"w":66,"h":56},"spriteSourceSize":{"x":5,"y":0,"w":58,"h":56},"frame":{"x":357,"y":1008,"w":58,"h":56}},{"filename":"icons/cancel","rotated":false,"trimmed":false,"sourceSize":{"w":21,"h":23},"spriteSourceSize":{"x":0,"y":0,"w":21,"h":23},"frame":{"x":251,"y":713,"w":21,"h":23}},{"filename":"icons/egg","rotated":false,"trimmed":true,"sourceSize":{"w":56,"h":60},"spriteSourceSize":{"x":0,"y":6,"w":56,"h":54},"frame":{"x":404,"y":334,"w":56,"h":54}},{"filename":"icons/bronze","rotated":false,"trimmed":true,"sourceSize":{"w":39,"h":48},"spriteSourceSize":{"x":0,"y":10,"w":39,"h":38},"frame":{"x":404,"y":391,"w":39,"h":38}},{"filename":"icons/gold","rotated":false,"trimmed":true,"sourceSize":{"w":39,"h":48},"spriteSourceSize":{"x":0,"y":10,"w":39,"h":38},"frame":{"x":446,"y":391,"w":39,"h":38}},{"filename":"icons/setting","rotated":false,"trimmed":true,"sourceSize":{"w":49,"h":55},"spriteSourceSize":{"x":0,"y":2,"w":49,"h":53},"frame":{"x":434,"y":432,"w":49,"h":53}},{"filename":"icons/music","rotated":false,"trimmed":true,"sourceSize":{"w":34,"h":38},"spriteSourceSize":{"x":0,"y":3,"w":34,"h":35},"frame":{"x":328,"y":1074,"w":34,"h":35}},{"filename":"blank","rotated":false,"trimmed":false,"sourceSize":{"w":50,"h":50},"spriteSourceSize":{"x":0,"y":0,"w":50,"h":50},"frame":{"x":365,"y":1067,"w":50,"h":50}},{"filename":"icons/ranking","rotated":false,"trimmed":true,"sourceSize":{"w":53,"h":53},"spriteSourceSize":{"x":0,"y":0,"w":53,"h":52},"frame":{"x":335,"y":1120,"w":53,"h":52}},{"filename":"icons/silver","rotated":false,"trimmed":true,"sourceSize":{"w":39,"h":48},"spriteSourceSize":{"x":0,"y":10,"w":39,"h":38},"frame":{"x":370,"y":1175,"w":39,"h":38}},{"filename":"popup/middle-left","rotated":false,"trimmed":false,"sourceSize":{"w":65,"h":48},"spriteSourceSize":{"x":0,"y":0,"w":65,"h":48},"frame":{"x":391,"y":1120,"w":65,"h":48}},{"filename":"icons/icon-bird","rotated":false,"trimmed":true,"sourceSize":{"w":61,"h":55},"spriteSourceSize":{"x":4,"y":10,"w":53,"h":42},"frame":{"x":412,"y":1171,"w":53,"h":42}},{"filename":"popup/middle-middle","rotated":false,"trimmed":false,"sourceSize":{"w":65,"h":48},"spriteSourceSize":{"x":0,"y":0,"w":65,"h":48},"frame":{"x":413,"y":1216,"w":65,"h":48}},{"filename":"icons/invite","rotated":false,"trimmed":false,"sourceSize":{"w":60,"h":54},"spriteSourceSize":{"x":0,"y":0,"w":60,"h":54},"frame":{"x":418,"y":500,"w":60,"h":54}},{"filename":"icons/medal","rotated":false,"trimmed":false,"sourceSize":{"w":34,"h":43},"spriteSourceSize":{"x":0,"y":0,"w":34,"h":43},"frame":{"x":442,"y":557,"w":34,"h":43}},{"filename":"icons/check","rotated":false,"trimmed":false,"sourceSize":{"w":24,"h":22},"spriteSourceSize":{"x":0,"y":0,"w":24,"h":22},"frame":{"x":352,"y":741,"w":24,"h":22}},{"filename":"daily-rewards/coin-day1","rotated":false,"trimmed":false,"sourceSize":{"w":32,"h":31},"spriteSourceSize":{"x":0,"y":0,"w":32,"h":31},"frame":{"x":47,"y":1235,"w":32,"h":31}},{"filename":"buttons/blue-minor","rotated":false,"trimmed":true,"sourceSize":{"w":62,"h":32},"spriteSourceSize":{"x":0,"y":2,"w":62,"h":30},"frame":{"x":383,"y":630,"w":62,"h":30}},{"filename":"popup/middle-right","rotated":false,"trimmed":false,"sourceSize":{"w":65,"h":48},"spriteSourceSize":{"x":0,"y":0,"w":65,"h":48},"frame":{"x":370,"y":663,"w":65,"h":48}},{"filename":"popup/top-left","rotated":false,"trimmed":false,"sourceSize":{"w":65,"h":48},"spriteSourceSize":{"x":0,"y":0,"w":65,"h":48},"frame":{"x":379,"y":714,"w":65,"h":48}},{"filename":"popup/top-middle","rotated":false,"trimmed":false,"sourceSize":{"w":65,"h":48},"spriteSourceSize":{"x":0,"y":0,"w":65,"h":48},"frame":{"x":381,"y":765,"w":65,"h":48}},{"filename":"buttons/close","rotated":false,"trimmed":false,"sourceSize":{"w":49,"h":43},"spriteSourceSize":{"x":0,"y":0,"w":49,"h":43},"frame":{"x":383,"y":816,"w":49,"h":43}},{"filename":"popup/top-right","rotated":false,"trimmed":false,"sourceSize":{"w":65,"h":48},"spriteSourceSize":{"x":0,"y":0,"w":65,"h":48},"frame":{"x":390,"y":862,"w":65,"h":48}},{"filename":"switch/panel","rotated":false,"trimmed":true,"sourceSize":{"w":68,"h":26},"spriteSourceSize":{"x":0,"y":1,"w":68,"h":25},"frame":{"x":384,"y":913,"w":68,"h":25}},{"filename":"buttons/green-minor","rotated":false,"trimmed":true,"sourceSize":{"w":62,"h":32},"spriteSourceSize":{"x":0,"y":2,"w":62,"h":30},"frame":{"x":384,"y":941,"w":62,"h":30}},{"filename":"avatar/bg","rotated":false,"trimmed":true,"sourceSize":{"w":37,"h":37},"spriteSourceSize":{"x":4,"y":4,"w":29,"h":29},"frame":{"x":384,"y":974,"w":29,"h":29}},{"filename":"icons/home","rotated":false,"trimmed":false,"sourceSize":{"w":31,"h":26},"spriteSourceSize":{"x":0,"y":0,"w":31,"h":26},"frame":{"x":416,"y":974,"w":31,"h":26}},{"filename":"avatar/purple-frame","rotated":false,"trimmed":true,"sourceSize":{"w":38,"h":40},"spriteSourceSize":{"x":0,"y":1,"w":38,"h":39},"frame":{"x":418,"y":1003,"w":38,"h":39}},{"filename":"icons/coin","rotated":false,"trimmed":false,"sourceSize":{"w":38,"h":36},"spriteSourceSize":{"x":0,"y":0,"w":38,"h":36},"frame":{"x":418,"y":1045,"w":38,"h":36}},{"filename":"icons/icon-10k","rotated":false,"trimmed":true,"sourceSize":{"w":66,"h":49},"spriteSourceSize":{"x":6,"y":12,"w":54,"h":33},"frame":{"x":418,"y":1084,"w":54,"h":33}},{"filename":"buttons/add","rotated":false,"trimmed":false,"sourceSize":{"w":26,"h":26},"spriteSourceSize":{"x":0,"y":0,"w":26,"h":26},"frame":{"x":459,"y":1120,"w":26,"h":26}},{"filename":"icons/diamond","rotated":false,"trimmed":false,"sourceSize":{"w":25,"h":24},"spriteSourceSize":{"x":0,"y":0,"w":25,"h":24},"frame":{"x":442,"y":603,"w":25,"h":24}},{"filename":"icons/arrow-big","rotated":false,"trimmed":false,"sourceSize":{"w":19,"h":34},"spriteSourceSize":{"x":0,"y":0,"w":19,"h":34},"frame":{"x":463,"y":330,"w":19,"h":34}},{"filename":"icons/play","rotated":false,"trimmed":true,"sourceSize":{"w":28,"h":39},"spriteSourceSize":{"x":0,"y":1,"w":28,"h":38},"frame":{"x":435,"y":816,"w":28,"h":38}},{"filename":"icons/play-with","rotated":false,"trimmed":false,"sourceSize":{"w":27,"h":27},"spriteSourceSize":{"x":0,"y":0,"w":27,"h":27},"frame":{"x":458,"y":857,"w":27,"h":27}},{"filename":"icons/bestscore-cup","rotated":false,"trimmed":false,"sourceSize":{"w":26,"h":25},"spriteSourceSize":{"x":0,"y":0,"w":26,"h":25},"frame":{"x":459,"y":887,"w":26,"h":25}},{"filename":"icons/sound","rotated":false,"trimmed":true,"sourceSize":{"w":31,"h":38},"spriteSourceSize":{"x":0,"y":2,"w":31,"h":36},"frame":{"x":448,"y":630,"w":31,"h":36}},{"filename":"icons/friends","rotated":false,"trimmed":true,"sourceSize":{"w":40,"h":37},"spriteSourceSize":{"x":0,"y":3,"w":40,"h":34},"frame":{"x":438,"y":669,"w":40,"h":34}},{"filename":"icons/vibrate","rotated":false,"trimmed":true,"sourceSize":{"w":28,"h":40},"spriteSourceSize":{"x":0,"y":2,"w":28,"h":38},"frame":{"x":447,"y":706,"w":28,"h":38}},{"filename":"progress/bar-left","rotated":false,"trimmed":false,"sourceSize":{"w":14,"h":16},"spriteSourceSize":{"x":0,"y":0,"w":14,"h":16},"frame":{"x":82,"y":1235,"w":14,"h":16}},{"filename":"switch/off","rotated":false,"trimmed":true,"sourceSize":{"w":26,"h":24},"spriteSourceSize":{"x":0,"y":1,"w":26,"h":23},"frame":{"x":459,"y":915,"w":26,"h":23}},{"filename":"icons/replay","rotated":false,"trimmed":false,"sourceSize":{"w":28,"h":28},"spriteSourceSize":{"x":0,"y":0,"w":28,"h":28},"frame":{"x":449,"y":941,"w":28,"h":28}},{"filename":"icons/continue","rotated":false,"trimmed":false,"sourceSize":{"w":23,"h":26},"spriteSourceSize":{"x":0,"y":0,"w":23,"h":26},"frame":{"x":450,"y":972,"w":23,"h":26}},{"filename":"switch/on","rotated":false,"trimmed":true,"sourceSize":{"w":26,"h":24},"spriteSourceSize":{"x":0,"y":1,"w":26,"h":23},"frame":{"x":459,"y":1001,"w":26,"h":23}},{"filename":"icons/question","rotated":false,"trimmed":false,"sourceSize":{"w":11,"h":16},"spriteSourceSize":{"x":0,"y":0,"w":11,"h":16},"frame":{"x":209,"y":933,"w":11,"h":16}},{"filename":"icons/clock","rotated":false,"trimmed":true,"sourceSize":{"w":21,"h":24},"spriteSourceSize":{"x":0,"y":1,"w":21,"h":23},"frame":{"x":459,"y":1027,"w":21,"h":23}},{"filename":"icons/dot","rotated":false,"trimmed":false,"sourceSize":{"w":15,"h":16},"spriteSourceSize":{"x":0,"y":0,"w":15,"h":16},"frame":{"x":470,"y":603,"w":15,"h":16}},{"filename":"icons/blue-rank-number-bg","rotated":false,"trimmed":false,"sourceSize":{"w":18,"h":18},"spriteSourceSize":{"x":0,"y":0,"w":18,"h":18},"frame":{"x":459,"y":1149,"w":18,"h":18}},{"filename":"icons/coin-small-grey","rotated":false,"trimmed":false,"sourceSize":{"w":17,"h":16},"spriteSourceSize":{"x":0,"y":0,"w":17,"h":16},"frame":{"x":468,"y":1170,"w":17,"h":16}},{"filename":"icons/coin-small","rotated":false,"trimmed":false,"sourceSize":{"w":17,"h":16},"spriteSourceSize":{"x":0,"y":0,"w":17,"h":16},"frame":{"x":468,"y":1189,"w":17,"h":16}},{"filename":"icons/rank-number-bg","rotated":false,"trimmed":false,"sourceSize":{"w":18,"h":18},"spriteSourceSize":{"x":0,"y":0,"w":18,"h":18},"frame":{"x":463,"y":367,"w":18,"h":18}},{"filename":"icons/cup","rotated":false,"trimmed":false,"sourceSize":{"w":17,"h":16},"spriteSourceSize":{"x":0,"y":0,"w":17,"h":16},"frame":{"x":459,"y":1053,"w":17,"h":16}},{"filename":"progress/bar-mid","rotated":false,"trimmed":false,"sourceSize":{"w":14,"h":16},"spriteSourceSize":{"x":0,"y":0,"w":14,"h":16},"frame":{"x":284,"y":334,"w":14,"h":16}},{"filename":"progress/bar-right","rotated":false,"trimmed":false,"sourceSize":{"w":14,"h":16},"spriteSourceSize":{"x":0,"y":0,"w":14,"h":16},"frame":{"x":449,"y":747,"w":14,"h":16}},{"filename":"progress/bg-left","rotated":false,"trimmed":false,"sourceSize":{"w":14,"h":16},"spriteSourceSize":{"x":0,"y":0,"w":14,"h":16},"frame":{"x":449,"y":766,"w":14,"h":16}},{"filename":"progress/bg-mid","rotated":false,"trimmed":false,"sourceSize":{"w":14,"h":16},"spriteSourceSize":{"x":0,"y":0,"w":14,"h":16},"frame":{"x":449,"y":785,"w":14,"h":16}},{"filename":"progress/bg-right","rotated":false,"trimmed":false,"sourceSize":{"w":14,"h":16},"spriteSourceSize":{"x":0,"y":0,"w":14,"h":16},"frame":{"x":466,"y":747,"w":14,"h":16}}]}],"meta":{"app":"https://www.codeandweb.com/texturepacker","version":"3.0","smartupdate":"$TexturePacker:SmartUpdate:23ba4113b42dff4dd193efce19ec78db:e9b4c76e8a955c25c1405aa4807e48d9:0d468957a782894db8a57dcd348e750f$"}}