{"textures":[{"image":"effects-resources.png","format":"RGBA8888","size":{"w":244,"h":370},"scale":0.5,"frames":[{"filename":"glow-light","rotated":false,"trimmed":false,"sourceSize":{"w":206,"h":200},"spriteSourceSize":{"x":0,"y":0,"w":206,"h":200},"frame":{"x":2,"y":2,"w":206,"h":200}},{"filename":"circle","rotated":false,"trimmed":false,"sourceSize":{"w":162,"h":162},"spriteSourceSize":{"x":0,"y":0,"w":162,"h":162},"frame":{"x":2,"y":206,"w":162,"h":162}},{"filename":"star-white","rotated":false,"trimmed":true,"sourceSize":{"w":35,"h":35},"spriteSourceSize":{"x":5,"y":4,"w":23,"h":25},"frame":{"x":212,"y":2,"w":23,"h":25}},{"filename":"spark","rotated":false,"trimmed":false,"sourceSize":{"w":17,"h":17},"spriteSourceSize":{"x":0,"y":0,"w":17,"h":17},"frame":{"x":212,"y":31,"w":17,"h":17}},{"filename":"star-y/star-3","rotated":false,"trimmed":true,"sourceSize":{"w":11,"h":10},"spriteSourceSize":{"x":3,"y":0,"w":6,"h":10},"frame":{"x":233,"y":31,"w":6,"h":10}},{"filename":"confetti/small-1","rotated":false,"trimmed":false,"sourceSize":{"w":14,"h":16},"spriteSourceSize":{"x":0,"y":0,"w":14,"h":16},"frame":{"x":212,"y":52,"w":14,"h":16}},{"filename":"confetti/small-4","rotated":false,"trimmed":true,"sourceSize":{"w":14,"h":16},"spriteSourceSize":{"x":1,"y":0,"w":12,"h":16},"frame":{"x":230,"y":52,"w":12,"h":16}},{"filename":"confetti/small-2","rotated":false,"trimmed":true,"sourceSize":{"w":14,"h":16},"spriteSourceSize":{"x":0,"y":1,"w":14,"h":15},"frame":{"x":212,"y":72,"w":14,"h":15}},{"filename":"ribbon/falling-confetti/confetti-c/confetti-c-1","rotated":false,"trimmed":false,"sourceSize":{"w":12,"h":8},"spriteSourceSize":{"x":0,"y":0,"w":12,"h":8},"frame":{"x":230,"y":72,"w":12,"h":8}},{"filename":"ribbon/falling-confetti/confetti-b/confetti-b-1","rotated":false,"trimmed":false,"sourceSize":{"w":12,"h":7},"spriteSourceSize":{"x":0,"y":0,"w":12,"h":7},"frame":{"x":230,"y":84,"w":12,"h":7}},{"filename":"confetti/small-3","rotated":false,"trimmed":true,"sourceSize":{"w":14,"h":16},"spriteSourceSize":{"x":1,"y":0,"w":13,"h":16},"frame":{"x":212,"y":91,"w":13,"h":16}},{"filename":"ribbon/falling-confetti/confetti-c/confetti-c-2","rotated":false,"trimmed":false,"sourceSize":{"w":13,"h":5},"spriteSourceSize":{"x":0,"y":0,"w":13,"h":5},"frame":{"x":229,"y":95,"w":13,"h":5}},{"filename":"ribbon/falling-confetti/confetti-b/confetti-b-3","rotated":false,"trimmed":false,"sourceSize":{"w":13,"h":3},"spriteSourceSize":{"x":0,"y":0,"w":13,"h":3},"frame":{"x":229,"y":104,"w":13,"h":3}},{"filename":"ribbon/falling-confetti/confetti-b/confetti-b-4","rotated":false,"trimmed":false,"sourceSize":{"w":13,"h":1},"spriteSourceSize":{"x":0,"y":0,"w":13,"h":1},"frame":{"x":212,"y":111,"w":13,"h":1}},{"filename":"ribbon/falling-confetti/confetti-b/confetti-b-2","rotated":false,"trimmed":false,"sourceSize":{"w":12,"h":5},"spriteSourceSize":{"x":0,"y":0,"w":12,"h":5},"frame":{"x":229,"y":111,"w":12,"h":5}},{"filename":"ribbon/falling-confetti/confetti-d/confetti-d-2","rotated":false,"trimmed":false,"sourceSize":{"w":12,"h":5},"spriteSourceSize":{"x":0,"y":0,"w":12,"h":5},"frame":{"x":212,"y":116,"w":12,"h":5}},{"filename":"ribbon/falling-confetti/confetti-c/confetti-c-3","rotated":false,"trimmed":false,"sourceSize":{"w":12,"h":4},"spriteSourceSize":{"x":0,"y":0,"w":12,"h":4},"frame":{"x":228,"y":120,"w":12,"h":4}},{"filename":"ribbon/falling-confetti/confetti-d/confetti-d-3","rotated":false,"trimmed":false,"sourceSize":{"w":12,"h":3},"spriteSourceSize":{"x":0,"y":0,"w":12,"h":3},"frame":{"x":212,"y":125,"w":12,"h":3}},{"filename":"ribbon/falling-confetti/confetti-d/confetti-d-4","rotated":false,"trimmed":false,"sourceSize":{"w":12,"h":2},"spriteSourceSize":{"x":0,"y":0,"w":12,"h":2},"frame":{"x":228,"y":128,"w":12,"h":2}},{"filename":"star-x/star-1","rotated":false,"trimmed":false,"sourceSize":{"w":11,"h":10},"spriteSourceSize":{"x":0,"y":0,"w":11,"h":10},"frame":{"x":212,"y":132,"w":11,"h":10}},{"filename":"star-y/star-1","rotated":false,"trimmed":false,"sourceSize":{"w":11,"h":10},"spriteSourceSize":{"x":0,"y":0,"w":11,"h":10},"frame":{"x":212,"y":132,"w":11,"h":10}},{"filename":"star-x/star-2","rotated":false,"trimmed":false,"sourceSize":{"w":11,"h":10},"spriteSourceSize":{"x":0,"y":0,"w":11,"h":10},"frame":{"x":227,"y":134,"w":11,"h":10}},{"filename":"star-y/star-4","rotated":false,"trimmed":false,"sourceSize":{"w":11,"h":10},"spriteSourceSize":{"x":0,"y":0,"w":11,"h":10},"frame":{"x":212,"y":146,"w":11,"h":10}},{"filename":"star-x/star-3","rotated":false,"trimmed":true,"sourceSize":{"w":11,"h":10},"spriteSourceSize":{"x":0,"y":1,"w":11,"h":8},"frame":{"x":227,"y":148,"w":11,"h":8}},{"filename":"ribbon/falling-confetti/confetti-a/confetti-a-1","rotated":false,"trimmed":false,"sourceSize":{"w":11,"h":7},"spriteSourceSize":{"x":0,"y":0,"w":11,"h":7},"frame":{"x":212,"y":160,"w":11,"h":7}},{"filename":"ribbon/falling-confetti/confetti-d/confetti-d-1","rotated":false,"trimmed":false,"sourceSize":{"w":11,"h":7},"spriteSourceSize":{"x":0,"y":0,"w":11,"h":7},"frame":{"x":227,"y":160,"w":11,"h":7}},{"filename":"star-x/star-4","rotated":false,"trimmed":true,"sourceSize":{"w":11,"h":10},"spriteSourceSize":{"x":0,"y":2,"w":11,"h":6},"frame":{"x":212,"y":171,"w":11,"h":6}},{"filename":"ribbon/falling-confetti/confetti-a/confetti-a-2","rotated":false,"trimmed":false,"sourceSize":{"w":11,"h":4},"spriteSourceSize":{"x":0,"y":0,"w":11,"h":4},"frame":{"x":227,"y":171,"w":11,"h":4}},{"filename":"ribbon/falling-confetti/confetti-c/confetti-c-4","rotated":false,"trimmed":false,"sourceSize":{"w":11,"h":3},"spriteSourceSize":{"x":0,"y":0,"w":11,"h":3},"frame":{"x":227,"y":179,"w":11,"h":3}},{"filename":"ribbon/falling-confetti/confetti-a/confetti-a-3","rotated":false,"trimmed":false,"sourceSize":{"w":11,"h":2},"spriteSourceSize":{"x":0,"y":0,"w":11,"h":2},"frame":{"x":212,"y":181,"w":11,"h":2}},{"filename":"star-y/star-2","rotated":false,"trimmed":true,"sourceSize":{"w":11,"h":10},"spriteSourceSize":{"x":1,"y":0,"w":10,"h":10},"frame":{"x":227,"y":186,"w":10,"h":10}},{"filename":"blank","rotated":false,"trimmed":false,"sourceSize":{"w":50,"h":50},"spriteSourceSize":{"x":0,"y":0,"w":50,"h":50},"frame":{"x":168,"y":206,"w":50,"h":50}},{"filename":"coin","rotated":false,"trimmed":false,"sourceSize":{"w":38,"h":36},"spriteSourceSize":{"x":0,"y":0,"w":38,"h":36},"frame":{"x":168,"y":260,"w":38,"h":36}},{"filename":"ribbon/ribbon","rotated":false,"trimmed":false,"sourceSize":{"w":32,"h":1},"spriteSourceSize":{"x":0,"y":0,"w":32,"h":1},"frame":{"x":210,"y":260,"w":32,"h":1}},{"filename":"comet","rotated":false,"trimmed":true,"sourceSize":{"w":40,"h":40},"spriteSourceSize":{"x":2,"y":0,"w":35,"h":39},"frame":{"x":168,"y":300,"w":35,"h":39}},{"filename":"star-yellow","rotated":false,"trimmed":false,"sourceSize":{"w":35,"h":35},"spriteSourceSize":{"x":0,"y":0,"w":35,"h":35},"frame":{"x":207,"y":300,"w":35,"h":35}}]}],"meta":{"app":"https://www.codeandweb.com/texturepacker","version":"3.0","smartupdate":"$TexturePacker:SmartUpdate:9c00b589d96725733e5b419129943ae4:f3b900bcd97315c0a5de04cfa7acbd8d:fcf0ca429d8c303c4783c89b34559bdb$"}}