{"textures":[{"image":"gameplay-main-objects.png","format":"RGBA8888","size":{"w":110,"h":324},"scale":0.5,"frames":[{"filename":"blank","rotated":false,"trimmed":false,"sourceSize":{"w":50,"h":50},"spriteSourceSize":{"x":0,"y":0,"w":50,"h":50},"frame":{"x":2,"y":2,"w":50,"h":50}},{"filename":"bombs/bomb","rotated":false,"trimmed":false,"sourceSize":{"w":35,"h":37},"spriteSourceSize":{"x":0,"y":0,"w":35,"h":37},"frame":{"x":55,"y":2,"w":35,"h":37}},{"filename":"eggs/bubble-black","rotated":false,"trimmed":false,"sourceSize":{"w":33,"h":34},"spriteSourceSize":{"x":0,"y":0,"w":33,"h":34},"frame":{"x":2,"y":55,"w":33,"h":34}},{"filename":"eggs/bubble-blue","rotated":false,"trimmed":false,"sourceSize":{"w":33,"h":34},"spriteSourceSize":{"x":0,"y":0,"w":33,"h":34},"frame":{"x":38,"y":55,"w":33,"h":34}},{"filename":"eggs/bubble-cyan","rotated":false,"trimmed":false,"sourceSize":{"w":33,"h":34},"spriteSourceSize":{"x":0,"y":0,"w":33,"h":34},"frame":{"x":74,"y":55,"w":33,"h":34}},{"filename":"eggs/bubble-gray","rotated":false,"trimmed":false,"sourceSize":{"w":33,"h":34},"spriteSourceSize":{"x":0,"y":0,"w":33,"h":34},"frame":{"x":2,"y":92,"w":33,"h":34}},{"filename":"eggs/bubble-green","rotated":false,"trimmed":false,"sourceSize":{"w":33,"h":34},"spriteSourceSize":{"x":0,"y":0,"w":33,"h":34},"frame":{"x":38,"y":92,"w":33,"h":34}},{"filename":"eggs/bubble-pink","rotated":false,"trimmed":false,"sourceSize":{"w":33,"h":34},"spriteSourceSize":{"x":0,"y":0,"w":33,"h":34},"frame":{"x":74,"y":92,"w":33,"h":34}},{"filename":"eggs/bubble-red","rotated":false,"trimmed":false,"sourceSize":{"w":33,"h":34},"spriteSourceSize":{"x":0,"y":0,"w":33,"h":34},"frame":{"x":2,"y":129,"w":33,"h":34}},{"filename":"eggs/bubble-violet","rotated":false,"trimmed":false,"sourceSize":{"w":33,"h":34},"spriteSourceSize":{"x":0,"y":0,"w":33,"h":34},"frame":{"x":38,"y":129,"w":33,"h":34}},{"filename":"eggs/bubble-yellow","rotated":false,"trimmed":false,"sourceSize":{"w":33,"h":34},"spriteSourceSize":{"x":0,"y":0,"w":33,"h":34},"frame":{"x":74,"y":129,"w":33,"h":34}},{"filename":"shooter","rotated":false,"trimmed":false,"sourceSize":{"w":93,"h":93},"spriteSourceSize":{"x":0,"y":0,"w":93,"h":93},"frame":{"x":2,"y":166,"w":93,"h":93}},{"filename":"shot-guide","rotated":false,"trimmed":false,"sourceSize":{"w":10,"h":10},"spriteSourceSize":{"x":0,"y":0,"w":10,"h":10},"frame":{"x":98,"y":166,"w":10,"h":10}},{"filename":"shot-guide/black","rotated":false,"trimmed":false,"sourceSize":{"w":10,"h":10},"spriteSourceSize":{"x":0,"y":0,"w":10,"h":10},"frame":{"x":2,"y":262,"w":10,"h":10}},{"filename":"shot-guide/blue","rotated":false,"trimmed":false,"sourceSize":{"w":10,"h":10},"spriteSourceSize":{"x":0,"y":0,"w":10,"h":10},"frame":{"x":15,"y":262,"w":10,"h":10}},{"filename":"shot-guide/cyan","rotated":false,"trimmed":false,"sourceSize":{"w":10,"h":10},"spriteSourceSize":{"x":0,"y":0,"w":10,"h":10},"frame":{"x":28,"y":262,"w":10,"h":10}},{"filename":"shot-guide/gray","rotated":false,"trimmed":false,"sourceSize":{"w":10,"h":10},"spriteSourceSize":{"x":0,"y":0,"w":10,"h":10},"frame":{"x":41,"y":262,"w":10,"h":10}},{"filename":"shot-guide/green","rotated":false,"trimmed":false,"sourceSize":{"w":10,"h":10},"spriteSourceSize":{"x":0,"y":0,"w":10,"h":10},"frame":{"x":54,"y":262,"w":10,"h":10}},{"filename":"shot-guide/orange","rotated":false,"trimmed":false,"sourceSize":{"w":10,"h":10},"spriteSourceSize":{"x":0,"y":0,"w":10,"h":10},"frame":{"x":67,"y":262,"w":10,"h":10}},{"filename":"shot-guide/pink","rotated":false,"trimmed":false,"sourceSize":{"w":10,"h":10},"spriteSourceSize":{"x":0,"y":0,"w":10,"h":10},"frame":{"x":80,"y":262,"w":10,"h":10}},{"filename":"shot-guide/red","rotated":false,"trimmed":false,"sourceSize":{"w":10,"h":10},"spriteSourceSize":{"x":0,"y":0,"w":10,"h":10},"frame":{"x":93,"y":262,"w":10,"h":10}},{"filename":"shot-guide/violet","rotated":false,"trimmed":false,"sourceSize":{"w":10,"h":10},"spriteSourceSize":{"x":0,"y":0,"w":10,"h":10},"frame":{"x":2,"y":275,"w":10,"h":10}},{"filename":"shot-guide/yellow","rotated":false,"trimmed":false,"sourceSize":{"w":10,"h":10},"spriteSourceSize":{"x":0,"y":0,"w":10,"h":10},"frame":{"x":15,"y":275,"w":10,"h":10}},{"filename":"stamps/stamp-2x","rotated":false,"trimmed":false,"sourceSize":{"w":21,"h":22},"spriteSourceSize":{"x":0,"y":0,"w":21,"h":22},"frame":{"x":28,"y":275,"w":21,"h":22}},{"filename":"stamps/stamp-3x","rotated":false,"trimmed":false,"sourceSize":{"w":21,"h":22},"spriteSourceSize":{"x":0,"y":0,"w":21,"h":22},"frame":{"x":52,"y":275,"w":21,"h":22}},{"filename":"stamps/stamp-4x","rotated":false,"trimmed":false,"sourceSize":{"w":21,"h":22},"spriteSourceSize":{"x":0,"y":0,"w":21,"h":22},"frame":{"x":76,"y":275,"w":21,"h":22}},{"filename":"stamps/stamp-05","rotated":false,"trimmed":false,"sourceSize":{"w":21,"h":22},"spriteSourceSize":{"x":0,"y":0,"w":21,"h":22},"frame":{"x":2,"y":300,"w":21,"h":22}},{"filename":"stamps/stamp-10","rotated":false,"trimmed":false,"sourceSize":{"w":21,"h":22},"spriteSourceSize":{"x":0,"y":0,"w":21,"h":22},"frame":{"x":26,"y":300,"w":21,"h":22}},{"filename":"stamps/stamp-15","rotated":false,"trimmed":false,"sourceSize":{"w":21,"h":22},"spriteSourceSize":{"x":0,"y":0,"w":21,"h":22},"frame":{"x":50,"y":300,"w":21,"h":22}},{"filename":"stamps/stamp-up","rotated":false,"trimmed":false,"sourceSize":{"w":21,"h":22},"spriteSourceSize":{"x":0,"y":0,"w":21,"h":22},"frame":{"x":74,"y":300,"w":21,"h":22}}]}],"meta":{"app":"https://www.codeandweb.com/texturepacker","version":"3.0","smartupdate":"$TexturePacker:SmartUpdate:21c16584c4bc8e066011ff77fa7953bb:a747e79f60fdeec0ce3b36e5780895e4:fe669df86ff0d368c5af8d75dcf4ef2e$"}}