{"textures":[{"image":"gameplay-textures-32bit.png","format":"RGBA8888","size":{"w":485,"h":901},"scale":0.5,"frames":[{"filename":"particles/others/circle-1","rotated":false,"trimmed":false,"sourceSize":{"w":2,"h":2},"spriteSourceSize":{"x":0,"y":0,"w":2,"h":2},"frame":{"x":2,"y":2,"w":2,"h":2}},{"filename":"others/rope","rotated":false,"trimmed":false,"sourceSize":{"w":375,"h":4},"spriteSourceSize":{"x":0,"y":0,"w":375,"h":4},"frame":{"x":7,"y":2,"w":375,"h":4}},{"filename":"particles/others/circle-2","rotated":false,"trimmed":false,"sourceSize":{"w":5,"h":5},"spriteSourceSize":{"x":0,"y":0,"w":5,"h":5},"frame":{"x":385,"y":2,"w":5,"h":5}},{"filename":"particles/egg/egg-shell-1","rotated":false,"trimmed":false,"sourceSize":{"w":8,"h":8},"spriteSourceSize":{"x":0,"y":0,"w":8,"h":8},"frame":{"x":393,"y":2,"w":8,"h":8}},{"filename":"particles/others/star","rotated":false,"trimmed":false,"sourceSize":{"w":10,"h":10},"spriteSourceSize":{"x":0,"y":0,"w":10,"h":10},"frame":{"x":404,"y":2,"w":10,"h":10}},{"filename":"particles/egg/egg-shell-5","rotated":false,"trimmed":false,"sourceSize":{"w":11,"h":12},"spriteSourceSize":{"x":0,"y":0,"w":11,"h":12},"frame":{"x":417,"y":2,"w":11,"h":12}},{"filename":"others/top-line","rotated":false,"trimmed":true,"sourceSize":{"w":375,"h":16},"spriteSourceSize":{"x":0,"y":0,"w":375,"h":13},"frame":{"x":2,"y":17,"w":375,"h":13}},{"filename":"particles/egg/egg-shell-2","rotated":false,"trimmed":false,"sourceSize":{"w":10,"h":13},"spriteSourceSize":{"x":0,"y":0,"w":10,"h":13},"frame":{"x":380,"y":17,"w":10,"h":13}},{"filename":"particles/egg/egg-shell-3","rotated":false,"trimmed":false,"sourceSize":{"w":12,"h":13},"spriteSourceSize":{"x":0,"y":0,"w":12,"h":13},"frame":{"x":393,"y":17,"w":12,"h":13}},{"filename":"particles/egg/egg-shell-4","rotated":false,"trimmed":false,"sourceSize":{"w":9,"h":13},"spriteSourceSize":{"x":0,"y":0,"w":9,"h":13},"frame":{"x":408,"y":17,"w":9,"h":13}},{"filename":"progress/progress-bottom","rotated":false,"trimmed":true,"sourceSize":{"w":18,"h":13},"spriteSourceSize":{"x":4,"y":0,"w":10,"h":13},"frame":{"x":420,"y":17,"w":10,"h":13}},{"filename":"progress/progress-middle","rotated":false,"trimmed":true,"sourceSize":{"w":18,"h":13},"spriteSourceSize":{"x":4,"y":0,"w":10,"h":13},"frame":{"x":433,"y":17,"w":10,"h":13}},{"filename":"progress/progress-top","rotated":false,"trimmed":true,"sourceSize":{"w":18,"h":13},"spriteSourceSize":{"x":4,"y":0,"w":10,"h":13},"frame":{"x":446,"y":17,"w":10,"h":13}},{"filename":"particles/bomb/bomb-fragment-2","rotated":false,"trimmed":false,"sourceSize":{"w":16,"h":15},"spriteSourceSize":{"x":0,"y":0,"w":16,"h":15},"frame":{"x":459,"y":17,"w":16,"h":15}},{"filename":"particles/bomb/bomb-fragment-6","rotated":false,"trimmed":false,"sourceSize":{"w":20,"h":16},"spriteSourceSize":{"x":0,"y":0,"w":20,"h":16},"frame":{"x":2,"y":35,"w":20,"h":16}},{"filename":"rank/rank-violet","rotated":false,"trimmed":false,"sourceSize":{"w":23,"h":17},"spriteSourceSize":{"x":0,"y":0,"w":23,"h":17},"frame":{"x":25,"y":35,"w":23,"h":17}},{"filename":"rank/rank-yellow","rotated":false,"trimmed":false,"sourceSize":{"w":26,"h":19},"spriteSourceSize":{"x":0,"y":0,"w":26,"h":19},"frame":{"x":51,"y":35,"w":26,"h":19}},{"filename":"particles/bomb/bomb-fragment-5","rotated":false,"trimmed":false,"sourceSize":{"w":17,"h":20},"spriteSourceSize":{"x":0,"y":0,"w":17,"h":20},"frame":{"x":80,"y":35,"w":17,"h":20}},{"filename":"animations/egg/egg-explosive-00","rotated":false,"trimmed":true,"sourceSize":{"w":140,"h":140},"spriteSourceSize":{"x":55,"y":59,"w":29,"h":21},"frame":{"x":100,"y":35,"w":29,"h":21}},{"filename":"particles/bomb/bomb-fragment-3","rotated":false,"trimmed":false,"sourceSize":{"w":22,"h":21},"spriteSourceSize":{"x":0,"y":0,"w":22,"h":21},"frame":{"x":132,"y":35,"w":22,"h":21}},{"filename":"particles/bomb/bomb-fragment-1","rotated":false,"trimmed":false,"sourceSize":{"w":22,"h":22},"spriteSourceSize":{"x":0,"y":0,"w":22,"h":22},"frame":{"x":157,"y":35,"w":22,"h":22}},{"filename":"particles/bomb/bomb-fragment-4","rotated":false,"trimmed":false,"sourceSize":{"w":18,"h":23},"spriteSourceSize":{"x":0,"y":0,"w":18,"h":23},"frame":{"x":182,"y":35,"w":18,"h":23}},{"filename":"animations/fly-dino/leg/leg-2","rotated":false,"trimmed":true,"sourceSize":{"w":21,"h":26},"spriteSourceSize":{"x":0,"y":0,"w":21,"h":24},"frame":{"x":203,"y":35,"w":21,"h":24}},{"filename":"animations/fly-dino/leg/leg-3","rotated":false,"trimmed":true,"sourceSize":{"w":21,"h":26},"spriteSourceSize":{"x":0,"y":0,"w":21,"h":24},"frame":{"x":227,"y":35,"w":21,"h":24}},{"filename":"animations/fly-dino/leg/leg-7","rotated":false,"trimmed":true,"sourceSize":{"w":21,"h":26},"spriteSourceSize":{"x":0,"y":0,"w":21,"h":25},"frame":{"x":251,"y":35,"w":21,"h":25}},{"filename":"animations/fly-dino/leg/leg-8","rotated":false,"trimmed":true,"sourceSize":{"w":21,"h":26},"spriteSourceSize":{"x":0,"y":0,"w":21,"h":25},"frame":{"x":275,"y":35,"w":21,"h":25}},{"filename":"animations/fly-dino/leg/leg-1","rotated":false,"trimmed":false,"sourceSize":{"w":21,"h":26},"spriteSourceSize":{"x":0,"y":0,"w":21,"h":26},"frame":{"x":299,"y":35,"w":21,"h":26}},{"filename":"animations/fly-dino/leg/leg-4","rotated":false,"trimmed":false,"sourceSize":{"w":21,"h":26},"spriteSourceSize":{"x":0,"y":0,"w":21,"h":26},"frame":{"x":323,"y":35,"w":21,"h":26}},{"filename":"animations/fly-dino/leg/leg-5","rotated":false,"trimmed":true,"sourceSize":{"w":21,"h":26},"spriteSourceSize":{"x":0,"y":0,"w":20,"h":26},"frame":{"x":347,"y":35,"w":20,"h":26}},{"filename":"animations/fly-dino/leg/leg-6","rotated":false,"trimmed":true,"sourceSize":{"w":21,"h":26},"spriteSourceSize":{"x":0,"y":0,"w":20,"h":26},"frame":{"x":370,"y":35,"w":20,"h":26}},{"filename":"avatar/bg","rotated":false,"trimmed":false,"sourceSize":{"w":29,"h":29},"spriteSourceSize":{"x":0,"y":0,"w":29,"h":29},"frame":{"x":393,"y":35,"w":29,"h":29}},{"filename":"others/tab-score","rotated":false,"trimmed":false,"sourceSize":{"w":77,"h":33},"spriteSourceSize":{"x":0,"y":0,"w":77,"h":33},"frame":{"x":2,"y":67,"w":77,"h":33}},{"filename":"icons/bronze","rotated":false,"trimmed":false,"sourceSize":{"w":35,"h":34},"spriteSourceSize":{"x":0,"y":0,"w":35,"h":34},"frame":{"x":82,"y":67,"w":35,"h":34}},{"filename":"icons/gold","rotated":false,"trimmed":false,"sourceSize":{"w":35,"h":34},"spriteSourceSize":{"x":0,"y":0,"w":35,"h":34},"frame":{"x":120,"y":67,"w":35,"h":34}},{"filename":"icons/silver","rotated":false,"trimmed":false,"sourceSize":{"w":35,"h":34},"spriteSourceSize":{"x":0,"y":0,"w":35,"h":34},"frame":{"x":158,"y":67,"w":35,"h":34}},{"filename":"avatar/frame","rotated":false,"trimmed":false,"sourceSize":{"w":37,"h":37},"spriteSourceSize":{"x":0,"y":0,"w":37,"h":37},"frame":{"x":196,"y":67,"w":37,"h":37}},{"filename":"buttons/pause","rotated":false,"trimmed":true,"sourceSize":{"w":46,"h":37},"spriteSourceSize":{"x":0,"y":0,"w":43,"h":37},"frame":{"x":236,"y":67,"w":43,"h":37}},{"filename":"items/gift-close","rotated":false,"trimmed":false,"sourceSize":{"w":32,"h":40},"spriteSourceSize":{"x":0,"y":0,"w":32,"h":40},"frame":{"x":282,"y":67,"w":32,"h":40}},{"filename":"blank","rotated":false,"trimmed":false,"sourceSize":{"w":50,"h":50},"spriteSourceSize":{"x":0,"y":0,"w":50,"h":50},"frame":{"x":317,"y":67,"w":50,"h":50}},{"filename":"others/warning-signal","rotated":false,"trimmed":false,"sourceSize":{"w":50,"h":50},"spriteSourceSize":{"x":0,"y":0,"w":50,"h":50},"frame":{"x":370,"y":67,"w":50,"h":50}},{"filename":"others/hand","rotated":false,"trimmed":true,"sourceSize":{"w":66,"h":56},"spriteSourceSize":{"x":4,"y":0,"w":60,"h":56},"frame":{"x":423,"y":67,"w":60,"h":56}},{"filename":"others/highlight-circle","rotated":false,"trimmed":false,"sourceSize":{"w":59,"h":59},"spriteSourceSize":{"x":0,"y":0,"w":59,"h":59},"frame":{"x":2,"y":126,"w":59,"h":59}},{"filename":"items/gift-bomb","rotated":false,"trimmed":false,"sourceSize":{"w":54,"h":61},"spriteSourceSize":{"x":0,"y":0,"w":54,"h":61},"frame":{"x":64,"y":126,"w":54,"h":61}},{"filename":"others/fire-circle","rotated":false,"trimmed":true,"sourceSize":{"w":55,"h":61},"spriteSourceSize":{"x":0,"y":0,"w":53,"h":61},"frame":{"x":121,"y":126,"w":53,"h":61}},{"filename":"animations/fly-dino/body/body-1","rotated":false,"trimmed":false,"sourceSize":{"w":87,"h":64},"spriteSourceSize":{"x":0,"y":0,"w":87,"h":64},"frame":{"x":177,"y":126,"w":87,"h":64}},{"filename":"animations/fly-dino/body/body-2","rotated":false,"trimmed":true,"sourceSize":{"w":87,"h":64},"spriteSourceSize":{"x":0,"y":0,"w":74,"h":64},"frame":{"x":267,"y":126,"w":74,"h":64}},{"filename":"animations/fly-dino/body/body-3","rotated":false,"trimmed":true,"sourceSize":{"w":87,"h":64},"spriteSourceSize":{"x":0,"y":0,"w":76,"h":64},"frame":{"x":344,"y":126,"w":76,"h":64}},{"filename":"animations/fly-dino/body/body-4","rotated":false,"trimmed":true,"sourceSize":{"w":87,"h":64},"spriteSourceSize":{"x":0,"y":0,"w":79,"h":64},"frame":{"x":2,"y":193,"w":79,"h":64}},{"filename":"animations/fly-dino/body/body-5","rotated":false,"trimmed":true,"sourceSize":{"w":87,"h":64},"spriteSourceSize":{"x":0,"y":0,"w":83,"h":64},"frame":{"x":84,"y":193,"w":83,"h":64}},{"filename":"animations/fly-dino/body/body-6","rotated":false,"trimmed":true,"sourceSize":{"w":87,"h":64},"spriteSourceSize":{"x":0,"y":0,"w":81,"h":64},"frame":{"x":170,"y":193,"w":81,"h":64}},{"filename":"animations/fly-dino/body/body-7","rotated":false,"trimmed":true,"sourceSize":{"w":87,"h":64},"spriteSourceSize":{"x":0,"y":0,"w":80,"h":64},"frame":{"x":254,"y":193,"w":80,"h":64}},{"filename":"animations/fly-dino/body/body-8","rotated":false,"trimmed":true,"sourceSize":{"w":87,"h":64},"spriteSourceSize":{"x":0,"y":0,"w":86,"h":64},"frame":{"x":337,"y":193,"w":86,"h":64}},{"filename":"animations/egg/egg-explosive-08","rotated":false,"trimmed":true,"sourceSize":{"w":140,"h":140},"spriteSourceSize":{"x":33,"y":41,"w":70,"h":70},"frame":{"x":2,"y":260,"w":70,"h":70}},{"filename":"animations/egg/egg-explosive-01","rotated":false,"trimmed":true,"sourceSize":{"w":140,"h":140},"spriteSourceSize":{"x":35,"y":32,"w":69,"h":71},"frame":{"x":75,"y":260,"w":69,"h":71}},{"filename":"animations/egg/egg-explosive-02","rotated":false,"trimmed":true,"sourceSize":{"w":140,"h":140},"spriteSourceSize":{"x":32,"y":31,"w":73,"h":71},"frame":{"x":147,"y":260,"w":73,"h":71}},{"filename":"animations/egg/egg-explosive-09","rotated":false,"trimmed":true,"sourceSize":{"w":140,"h":140},"spriteSourceSize":{"x":32,"y":41,"w":70,"h":71},"frame":{"x":223,"y":260,"w":70,"h":71}},{"filename":"animations/egg/egg-explosive-03","rotated":false,"trimmed":true,"sourceSize":{"w":140,"h":140},"spriteSourceSize":{"x":36,"y":31,"w":69,"h":72},"frame":{"x":296,"y":260,"w":69,"h":72}},{"filename":"animations/egg/egg-explosive-07","rotated":false,"trimmed":true,"sourceSize":{"w":140,"h":140},"spriteSourceSize":{"x":34,"y":37,"w":72,"h":72},"frame":{"x":368,"y":260,"w":72,"h":72}},{"filename":"animations/egg/egg-explosive-04","rotated":false,"trimmed":true,"sourceSize":{"w":140,"h":140},"spriteSourceSize":{"x":37,"y":31,"w":70,"h":73},"frame":{"x":2,"y":335,"w":70,"h":73}},{"filename":"animations/egg/egg-explosive-06","rotated":false,"trimmed":true,"sourceSize":{"w":140,"h":140},"spriteSourceSize":{"x":34,"y":36,"w":74,"h":75},"frame":{"x":75,"y":335,"w":74,"h":75}},{"filename":"animations/owl/owl-close","rotated":false,"trimmed":false,"sourceSize":{"w":47,"h":77},"spriteSourceSize":{"x":0,"y":0,"w":47,"h":77},"frame":{"x":152,"y":335,"w":47,"h":77}},{"filename":"animations/owl/owl","rotated":false,"trimmed":false,"sourceSize":{"w":47,"h":77},"spriteSourceSize":{"x":0,"y":0,"w":47,"h":77},"frame":{"x":202,"y":335,"w":47,"h":77}},{"filename":"animations/egg/egg-explosive-05","rotated":false,"trimmed":true,"sourceSize":{"w":140,"h":140},"spriteSourceSize":{"x":29,"y":31,"w":82,"h":81},"frame":{"x":252,"y":335,"w":82,"h":81}},{"filename":"items/glow","rotated":false,"trimmed":false,"sourceSize":{"w":87,"h":86},"spriteSourceSize":{"x":0,"y":0,"w":87,"h":86},"frame":{"x":337,"y":335,"w":87,"h":86}},{"filename":"others/tail","rotated":false,"trimmed":false,"sourceSize":{"w":35,"h":90},"spriteSourceSize":{"x":0,"y":0,"w":35,"h":90},"frame":{"x":427,"y":335,"w":35,"h":90}},{"filename":"progress/progress-bg","rotated":false,"trimmed":false,"sourceSize":{"w":18,"h":90},"spriteSourceSize":{"x":0,"y":0,"w":18,"h":90},"frame":{"x":465,"y":335,"w":18,"h":90}},{"filename":"animations/bomb/showing-bomb-3","rotated":false,"trimmed":true,"sourceSize":{"w":120,"h":123},"spriteSourceSize":{"x":3,"y":7,"w":108,"h":104},"frame":{"x":2,"y":428,"w":108,"h":104}},{"filename":"animations/bomb/showing-bomb-4","rotated":false,"trimmed":true,"sourceSize":{"w":120,"h":123},"spriteSourceSize":{"x":4,"y":4,"w":106,"h":110},"frame":{"x":113,"y":428,"w":106,"h":110}},{"filename":"animations/bomb/showing-bomb-1","rotated":false,"trimmed":true,"sourceSize":{"w":120,"h":123},"spriteSourceSize":{"x":4,"y":4,"w":94,"h":111},"frame":{"x":222,"y":428,"w":94,"h":111}},{"filename":"animations/bomb/showing-bomb-2","rotated":false,"trimmed":true,"sourceSize":{"w":120,"h":123},"spriteSourceSize":{"x":4,"y":4,"w":94,"h":111},"frame":{"x":319,"y":428,"w":94,"h":111}},{"filename":"animations/dino/dino-0","rotated":false,"trimmed":false,"sourceSize":{"w":104,"h":123},"spriteSourceSize":{"x":0,"y":0,"w":104,"h":123},"frame":{"x":2,"y":542,"w":104,"h":123}},{"filename":"animations/dino/dino-1","rotated":false,"trimmed":false,"sourceSize":{"w":104,"h":123},"spriteSourceSize":{"x":0,"y":0,"w":104,"h":123},"frame":{"x":109,"y":542,"w":104,"h":123}},{"filename":"animations/dino/dino-2","rotated":false,"trimmed":false,"sourceSize":{"w":104,"h":123},"spriteSourceSize":{"x":0,"y":0,"w":104,"h":123},"frame":{"x":216,"y":542,"w":104,"h":123}},{"filename":"animations/dino/dino-3","rotated":false,"trimmed":false,"sourceSize":{"w":104,"h":123},"spriteSourceSize":{"x":0,"y":0,"w":104,"h":123},"frame":{"x":323,"y":542,"w":104,"h":123}},{"filename":"others/footer-bg","rotated":false,"trimmed":false,"sourceSize":{"w":375,"h":231},"spriteSourceSize":{"x":0,"y":0,"w":375,"h":231},"frame":{"x":2,"y":668,"w":375,"h":231}}]}],"meta":{"app":"https://www.codeandweb.com/texturepacker","version":"3.0","smartupdate":"$TexturePacker:SmartUpdate:39a27db363330664dda493cdd251362e:ecc13997dff4ba4bf911a465473ebd32:86c66017e47f356042b0a3e3d5153c28$"}}